{"VBO":[
-14.44586,-21.99718,0,0,0,-1,0.5793458,0.9705633,-14.39686,-21.89083,0,0,0,-1,-1.014179E-06,0.8884137,-13.89244,-21.91899,0,0,0,-1,0.1534032,0.04274776,-13.86694,-22.07441,0,0,0,-1,1,0],
"IBO":[
0,1,2,3,0,2]
}