{"VBO":[
34.99615,-20.66316,0,0,0,-1,0.264918,0.2346887,34.67406,-20.9718,0,0,0,-1,0.738971,0.385427,34.86493,-20.58445,0,0,0,-1,0.1440283,0.2961041,34.4846,-20.65156,0,0,0,-1,0.2471013,0.4740956,34.79916,-20.6454,0,0,0,-1,0.2376454,0.3268844,35.42595,-20.6688,0,0,0,-1,0.2735786,0.03354861,35.49763,-20.74037,0,0,0,-1,0.383515,5.474052E-07,34.44109,-20.76506,0,0,0,-1,0.4214371,0.4944569,34.37873,-20.57729,0,0,0,-1,0.1330283,0.5236421,34.10083,-20.74742,0,0,0,-1,0.3943339,0.653698,34.0052,-20.59229,0,0,0,-1,0.1560677,0.6984513,34.17823,-20.49068,0,0,0,-1,1.28512E-06,0.6174742,34.3317,-20.69013,0,0,0,-1,0.3063427,0.545654,34.1463,-20.8549,0,0,0,-1,0.5594152,0.6324161,33.52737,-20.85249,0,0,0,-1,0.555724,0.9220716,33.93962,-20.69979,0,0,0,-1,0.3211769,0.7291421,34.28503,-21.11745,0,0,0,-1,0.9626842,0.5674931,33.72499,-21.0402,0,0,0,-1,0.8440309,0.8295889,33.39078,-21.12403,0,0,0,-1,0.9727837,0.9859994,33.63553,-21.14175,0,0,0,-1,1,0.8714561,33.40303,-21.03578,0,0,0,-1,0.8372336,0.9802622],
"IBO":[
0,1,2,1,7,3,0,5,6,1,0,6,10,11,9,12,7,13,9,13,14,9,14,15,1,16,7,14,13,17,18,20,19,1,4,2,9,15,10,17,20,14,1,3,4,11,8,9,16,13,7,13,16,17,20,17,19]
}