{"VBO":[
-36.11098,0.2893904,0,0,0,-1,0.6644078,0.02554983,-36.49192,0.2586426,0,0,0,-1,0.7960197,0.9883872,-36.39899,0.4446125,0,0,0,-1,-3.824257E-06,0.7535018],
"IBO":[
0,1,2]
}