{"VBO":[
22.8383,18.62976,0,0,0,-1,0.2243145,-0.004862034,22.77099,18.56402,0,0,0,-1,0.8298619,0.189271,22.55346,18.65131,0,0,0,-1,0.0257724,0.816747,22.49927,18.55161,0,0,0,-1,0.9441696,0.9730499],
"IBO":[
0,1,2,2,1,3]
}