{"VBO":[
-41.57911,-15.03947,0,0,0,-1,0.3572518,1.007601,-41.31636,-14.99377,0,0,0,-1,0.104294,0.2681085,-41.24181,-15.14642,0,0,0,-1,0.9492744,0.05831828],
"IBO":[
0,1,2]
}