{"VBO":[
-31.67019,1.961778,0,0,0,-1,0,0.4287637,-31.60195,1.870229,0,0,0,-1,0.7596198,0.04469807,-31.75769,1.890497,0,0,0,-1,0.5914577,0.9213155],
"IBO":[
0,1,2]
}