{"VBO":[
23.76688,19.2414,0,0,0,-1,0.870643,0.01917909,23.51912,19.3003,0,0,0,-1,0.04491113,0.6630924,23.73927,19.30241,0,0,0,-1,0.01530144,0.09093292,23.40292,19.23725,0,0,0,-1,0.9288116,0.9650759,23.38948,19.27324,0,0,0,-1,0.4242424,1],
"IBO":[
0,1,2,0,3,1,3,4,1]
}