{"VBO":[
-5.722455,-21.91824,0,0,0,-1,0.9380236,0.2869518,-5.901338,-21.92805,0,0,0,-1,0.9802865,0.6086165,-5.859291,-21.82564,0,0,0,-1,0.5390264,0.5330037,-5.587837,-21.70085,0,0,0,-1,0.001266971,0.04488238,-5.562881,-21.93262,0,0,0,-1,1,0,-6.118994,-21.83151,0,0,0,-1,0.5643083,1,-6.036747,-21.89914,0,0,0,-1,0.8557258,0.852101],
"IBO":[
0,1,2,3,4,0,5,2,6,2,1,6,0,2,3]
}