{"VBO":[
30.17075,-20.45096,0,0,0,-1,0.3784971,1,30.35055,-20.36345,0,0,0,-1,-7.230482E-07,0.5859697,30.27876,-20.56136,0,0,0,-1,0.8560671,0.7512911,30.44217,-20.45015,0,0,0,-1,0.375,0.375,30.52015,-20.37617,0,0,0,-1,0.05500806,0.1954313,30.53827,-20.55089,0,0,0,-1,0.810748,0.1537059,30.60502,-20.47375,0,0,0,-1,0.4770804,1.016734E-06,30.4458,-20.59464,0,0,0,-1,0.9999999,0.3666368],
"IBO":[
1,3,2,3,1,4,3,4,6,2,3,7,1,2,0,3,6,5,3,5,7]
}