{"VBO":[
19.09832,-3.425103,0,0,0,-1,0.002979968,0.3348221,19.14293,-3.547744,0,0,0,-1,1,0,19.0136,-3.511924,0,0,0,-1,0.7087876,0.970694],
"IBO":[
0,1,2]
}