{"VBO":[
28.5985,-20.25842,0,0,0,-1,0.04011024,0.7248651,28.71018,-20.29595,0,0,0,-1,0.5108013,0.1125134,28.54832,-20.33495,0,0,0,-1,0.9999997,0.999993],
"IBO":[
0,1,2]
}