{"VBO":[
-25.42419,-21.32103,0,0,0,-1,0.9424739,-0.009601606,-25.94773,-21.27808,0,0,0,-1,0.5871205,0.9928847,-25.55983,-21.2071,0,0,0,-1,0,0.2501229],
"IBO":[
0,1,2]
}