{"VBO":[
29.65774,-20.57406,0,0,0,-1,0.3936222,0.4659908,30.03676,-20.57147,0,0,0,-1,0.3896154,0.2726896,29.38177,-20.89317,0,0,0,-1,0.8885514,0.606739,28.85208,-20.43106,0,0,0,-1,0.1718399,0.8768834,29.07821,-20.44887,0,0,0,-1,0.1994668,0.7615519,29.02459,-20.87546,0,0,0,-1,0.8610821,0.7889029,29.2573,-20.31636,0,0,0,-1,-0.006054297,0.6702191,29.45852,-20.46656,0,0,0,-1,0.2269101,0.5675914,29.20448,-20.90873,0,0,0,-1,0.9126748,0.6971574,28.61067,-20.60854,0,0,0,-1,0.4471099,1,28.64651,-20.42865,0,0,0,-1,0.1681004,0.9817236,30.24498,-20.67666,0,0,0,-1,0.5527613,0.1664963,30.45056,-20.7022,0,0,0,-1,0.5923689,0.06164584,29.95051,-20.76111,0,0,0,-1,0.6837379,0.3166744,30.2374,-20.84883,0,0,0,-1,0.8197814,0.1703606,30.57388,-20.84192,0,0,0,-1,0.8090551,-0.001250325,29.90591,-20.82853,0,0,0,-1,0.788296,0.3394238,29.63616,-20.89812,0,0,0,-1,0.8962183,0.4769977,28.7702,-20.87823,0,0,0,-1,0.8653696,0.9186433,28.61083,-20.81411,0,0,0,-1,0.7659288,0.9999192,29.49745,-20.96503,0,0,0,-1,1,0.5477384,29.315,-20.94975,0,0,0,-1,0.9763063,0.6407897,30.17554,-20.60477,0,0,0,-1,0.4412589,0.2019085],
"IBO":[
0,1,2,3,4,5,8,4,7,0,2,7,5,19,3,10,3,9,11,12,13,14,13,15,2,13,16,16,17,2,5,18,19,17,20,2,8,2,21,1,22,13,1,13,2,4,8,5,22,11,13,15,13,12,4,6,7,2,8,7,19,9,3]
}