{"VBO":[
-14.32043,-22.28096,0,0,0,-1,0.6043029,1,-13.85101,-22.16005,0,0,0,-1,3.722159E-06,0.2920303,-14.14272,-22.36013,0,0,0,-1,0.9999961,0.731975,-13.65739,-22.30583,0,0,0,-1,0.7285953,0,-13.75573,-22.31542,0,0,0,-1,0.776539,0.1483099,-13.65748,-22.1948,0,0,0,-1,0.1736624,0.000130854,-14.19361,-22.17935,0,0,0,-1,0.09644946,0.8087335,-13.82315,-22.31011,0,0,0,-1,0.75,0.25],
"IBO":[
0,1,2,3,4,5,0,6,1,7,1,4,7,4,2,2,1,7,4,1,5]
}