{"VBO":[
-4.250041,-21.35006,0,0,0,-1,0.01518511,0.1386644,-4.232511,-21.54371,0,0,0,-1,0.9846395,0.0798809,-4.500041,-21.41323,0,0,0,-1,0.3314034,0.9769385],
"IBO":[
0,1,2]
}