{"VBO":[
19.39425,16.70013,0,0,0,-1,0.7595775,0.03199205,19.15861,16.81768,0,0,0,-1,0.0674862,1.028832,19.23897,16.82914,0,0,0,-1,0,0.6888889,19.302,16.6593,0,0,0,-1,1,0.4222222],
"IBO":[
0,3,2,3,1,2]
}