{"VBO":[
-15.38166,13.02687,0,0,0,-1,0.4166667,0,-15.50127,12.79906,0,0,0,-1,1.036746,0.2083638,-15.86274,12.99782,0,0,0,-1,0.4957216,0.8380544,-15.92509,13.12637,0,0,0,-1,0.1458333,0.9466667,-15.52018,13.16296,0,0,0,-1,0.04622543,0.2413039],
"IBO":[
2,4,1,2,3,4,4,0,1]
}