{"VBO":[
-14.39672,-22.08753,0,0,0,-1,0.25,0.25,-14.49388,-22.05963,0,0,0,-1,0.05032274,0.4626845,-14.37453,-22.0526,0,0,0,-1,0,0.2014198,-14.28252,-22.07473,0,0,0,-1,0.158428,-5.335109E-06,-14.292,-22.12232,0,0,0,-1,0.4990393,0.02075253,-14.73293,-22.1417,0,0,0,-1,0.6376956,0.9859657,-14.64733,-22.06867,0,0,0,-1,0.1150234,0.7985962,-14.73934,-22.05605,0,0,0,-1,0.02471338,0.9999987,-14.35541,-22.16361,0,0,0,-1,0.7945335,0.1595673,-14.55841,-22.19232,0,0,0,-1,1.000004,0.6039478],
"IBO":[
0,1,2,3,4,2,0,5,1,6,1,5,5,7,6,4,5,0,8,5,4,5,8,9,4,0,2]
}