{"VBO":[
-36.41586,10.74929,0,0,0,-1,0.7385001,0.7631428,-36.36561,11.41552,0,0,0,-1,0.1351372,0.7162939,-35.96913,11.48244,0,0,0,-1,0.07452368,0.346597,-36.505,11.16797,0,0,0,-1,0.359326,0.8462662,-36.15891,10.76535,0,0,0,-1,0.7239543,0.5235549,-36.21346,11.56473,0,0,0,-1,3.524526E-08,0.5744154,-35.60384,10.87681,0,0,0,-1,0.6230089,0.005990633,-35.7465,10.70857,0,0,0,-1,0.7753742,0.1390106,-35.98444,10.75597,0,0,0,-1,0.7324501,0.3608749,-35.70238,11.1432,0,0,0,-1,0.3817593,0.0978735,-35.69914,11.0417,0,0,0,-1,0.4736845,0.09484654,-35.81039,11.32713,0,0,0,-1,0.2151861,0.1985884,-36.60662,11.30747,0,0,0,-1,0.2329868,0.941017,-36.51468,11.38368,0,0,0,-1,0.1639701,0.8552933,-36.66988,11.05681,0,0,0,-1,0.4599959,1,-36.6128,11.10762,0,0,0,-1,0.4139822,0.9467831,-36.6444,10.93311,0,0,0,-1,0.5720256,0.9762467,-35.64493,10.68327,0,0,0,-1,0.7982942,0.04430372,-35.59742,10.7753,0,0,0,-1,0.7149447,-1.96573E-07,-36.49195,10.70482,0,0,0,-1,0.7787726,0.834101,-36.58081,10.73965,0,0,0,-1,0.7472326,0.916949,-36.64749,10.82524,0,0,0,-1,0.6697167,0.9791294,-36.66648,10.76179,0,0,0,-1,0.7271813,0.9968304,-36.58714,10.72061,0,0,0,-1,0.7644749,0.9228513,-36.50129,10.46055,0,0,0,-1,0.9999996,0.8428017,-36.46016,10.60016,0,0,0,-1,0.873559,0.804446,-36.37127,10.53361,0,0,0,-1,0.9338306,0.7215724,-36.58702,10.57786,0,0,0,-1,0.8937593,0.9227489,-36.65055,10.68249,0,0,0,-1,0.7989959,0.9819824,-36.3966,10.4638,0,0,0,-1,0.9970541,0.7451881],
"IBO":[
2,4,1,3,1,0,5,2,1,6,7,8,9,10,11,8,11,10,1,12,13,12,1,3,14,15,16,3,16,15,8,4,2,17,7,18,7,6,18,3,19,20,0,19,3,21,3,20,21,16,3,21,20,22,19,23,20,26,29,24,28,23,27,19,25,27,2,11,8,6,8,10,4,0,1,26,24,25,23,19,27,25,24,27]
}