{"VBO":[
10.37591,-10.56213,0,0,0,-1,0.3344286,0.02861183,10.23341,-10.69428,0,0,0,-1,1.078482,0.6196349,10.13686,-10.52744,0,0,0,-1,0.1391369,1.020059],
"IBO":[
0,1,2]
}