{"VBO":[
28.59835,-19.57505,0,0,0,-1,0.1441381,0.8285984,29.06754,-20.12016,0,0,0,-1,0.7951288,0.5606733,28.61926,-19.94297,0,0,0,-1,0.5835193,0.8166589,29.46891,-19.90438,0,0,0,-1,0.5374324,0.3314716,29.74554,-20.10907,0,0,0,-1,0.7818856,0.1734994,28.66331,-20.12706,0,0,0,-1,0.803362,0.791505,29.49738,-19.80601,0,0,0,-1,0.4199638,0.3152102,29.4021,-19.65699,0,0,0,-1,0.2419957,0.3696237,29.62099,-19.65682,0,0,0,-1,0.2417921,0.2446274,29.69716,-19.70435,0,0,0,-1,0.2985487,0.2011295,29.93193,-19.72637,0,0,0,-1,0.3248523,0.06706409,29.70994,-19.82488,0,0,0,-1,0.4424979,0.19383,30.03356,-19.87856,0,0,0,-1,0.5066044,0.00902864,29.86228,-19.91042,0,0,0,-1,0.5446467,0.1068377,30.04937,-19.81193,0,0,0,-1,0.427033,0,28.89437,-19.45435,0,0,0,-1,0,0.6595585,29.21842,-19.48395,0,0,0,-1,0.03534783,0.474513,28.50451,-19.88291,0,0,0,-1,0.5117979,0.8821897,28.41862,-19.58478,0,0,0,-1,0.1557637,0.931233,29.68782,-19.9391,0,0,0,-1,0.578902,0.2064609,29.77672,-20.0342,0,0,0,-1,0.6924746,0.155695,28.29237,-19.75882,0,0,0,-1,0.3635997,1.003333,28.40945,-20.03208,0,0,0,-1,0.6899424,0.9364706,29.0568,-20.29172,0,0,0,-1,1,0.566802,28.75362,-20.19199,0,0,0,-1,0.8809011,0.7399345,28.51418,-20.08593,0,0,0,-1,0.7542497,0.8766661,28.57136,-20.1874,0,0,0,-1,0.8754274,0.8440138],
"IBO":[
0,15,2,3,4,1,5,2,1,6,7,8,9,10,6,6,10,11,12,13,10,14,12,10,8,9,6,6,3,7,15,16,1,18,0,17,3,19,4,20,4,19,18,17,21,21,17,22,1,23,24,2,5,25,25,5,26,5,1,24,3,1,16,13,11,10,3,16,7,15,1,2,0,2,17]
}