{"VBO":[
-11.61651,-3.715571,0,0,0,-1,1,0.5250398,-11.81088,-3.576501,0,0,0,-1,0.3302527,1.026378,-11.44466,-3.54701,0,0,0,-1,0.1882246,0.08179834],
"IBO":[
0,1,2]
}