{"VBO":[
18.97768,-4.015954,0,0,0,-1,0.75,0.5,18.99935,-3.643386,0,0,0,-1,0.02509912,0.4006795,19.07917,-3.864306,0,0,0,-1,0.4549412,0.03481875,18.86858,-4.005795,0,0,0,-1,0.7302328,0.9999976,19.06615,-3.630484,0,0,0,-1,0,0.0945294,19.08677,-3.720404,0,0,0,-1,0.1749544,0,19.01001,-4.144443,0,0,0,-1,1.000001,0.3518003,18.89413,-3.825903,0,0,0,-1,0.3802225,0.8828634],
"IBO":[
0,1,2,3,7,0,1,4,5,2,1,5,2,6,0,0,6,3,7,1,0]
}