{"VBO":[
43.44534,-15.57139,0,0,0,-1,0.2925262,0.4396287,43.53413,-15.53008,0,0,0,-1,0.2311364,0.3335852,43.81311,-15.63316,0,0,0,-1,0.3843217,0.0004077075,43.79417,-15.41885,0,0,0,-1,0.06583817,0.02303001,43.80628,-15.48674,0,0,0,-1,0.1667354,0.008574726,43.61974,-15.48243,0,0,0,-1,0.160324,0.2313406,43.65139,-15.37455,0,0,0,-1,-6.864236E-07,0.1935545,43.57531,-15.45074,0,0,0,-1,0.1132314,0.2844083,43.28039,-15.58738,0,0,0,-1,0.3162853,0.6366131,43.23922,-15.67941,0,0,0,-1,0.4530506,0.6857802,43.81325,-15.74793,0,0,0,-1,0.5548864,0.0002496635,43.19267,-15.87333,0,0,0,-1,0.7412305,0.7413723,43.41698,-15.83154,0,0,0,-1,0.6791333,0.4734853,43.11255,-15.96818,0,0,0,-1,0.8821993,0.8370538,43.02366,-15.88894,0,0,0,-1,0.7644423,0.9432046,43.11873,-15.76198,0,0,0,-1,0.5757596,0.8296663,43.30608,-15.99976,0,0,0,-1,0.9291221,0.6059268,43.16336,-16.04745,0,0,0,-1,1,0.7763664,42.9761,-15.92388,0,0,0,-1,0.8163548,0.9999996],
"IBO":[
0,1,2,3,4,5,1,5,2,6,5,7,7,5,1,8,0,9,10,12,0,0,12,9,11,13,14,9,11,15,17,13,11,3,5,6,16,11,12,13,18,14,10,0,2,12,11,9,17,11,16]
}