{"VBO":[
-12.00412,5.552879,0,0,0,-1,0,0.1670261,-11.99839,5.383022,0,0,0,-1,0.9032943,0.1448889,-12.2145,5.485271,0,0,0,-1,0.3595336,0.9809069],
"IBO":[
0,1,2]
}