{"VBO":[
-41.72229,-15.02067,0,0,0,-1,0.8937526,-0.04165722,-41.96348,-15.02599,0,0,0,-1,0.9254608,1,-41.86843,-14.87048,0,0,0,-1,8.695537E-07,0.5894914,-41.9477,-14.92764,0,0,0,-1,0.3401682,0.9318235],
"IBO":[
0,1,2,1,3,2]
}