{"VBO":[
-45.68915,-14.23178,0,0,0,-1,0.9217625,0.3243788,-45.77636,-13.99976,0,0,0,-1,-1.430616E-07,0.4438244,-45.57312,-14.21235,0,0,0,-1,0.8445694,0.1654566,-46.14847,-14.25147,0,0,0,-1,1.000001,0.9535005,-45.95037,-14.06758,0,0,0,-1,0.2694544,0.6821615,-46.18242,-14.12095,0,0,0,-1,0.4814635,1,-46.05676,-14.058,0,0,0,-1,0.2313629,0.8278784,-45.48124,-14.23645,0,0,0,-1,0.940334,0.03959325,-45.45233,-14.10105,0,0,0,-1,0.402395,1.068309E-06],
"IBO":[
0,1,2,3,4,1,5,6,4,7,2,8,5,4,3,3,1,0,1,8,2]
}