{"VBO":[
-32.51668,1.465131,0,0,0,-1,0,0.4755017,-32.36019,1.346571,0,0,0,-1,0.3851561,-0.01303855,-32.67317,1.207453,0,0,0,-1,0.8371091,0.9640002],
"IBO":[
0,1,2]
}