{"VBO":[
-11.97908,-19.76489,0,0,0,-1,0.3098876,0.2279008,-11.71875,-19.21337,0,0,0,-1,0.01761483,0.1745371,-11.17792,-19.94751,0,0,0,-1,0.4066671,0.06367276,-11.99803,-19.38142,0,0,0,-1,0.1066708,0.2317854,-12.5865,-19.23611,0,0,0,-1,0.0296678,0.352414,-12.39758,-19.88911,0,0,0,-1,0.375719,0.3136886,-12.68386,-20.21167,0,0,0,-1,0.546657,0.372372,-12.77787,-20.70136,0,0,0,-1,0.8061605,0.3916439,-13.08556,-20.18216,0,0,0,-1,0.5310153,0.4547149,-14.16547,-20.83211,0,0,0,-1,0.8754541,0.6760854,-13.60815,-20.45361,0,0,0,-1,0.6748704,0.5618405,-15.7315,-20.7798,0,0,0,-1,0.8477324,0.9971032,-15.1718,-21.06832,0,0,0,-1,1.000627,0.8823718,-15.71566,-20.96613,0,0,0,-1,0.946476,0.9938574,-11.00132,-19.52087,0,0,0,-1,0.1805745,0.02747041],
"IBO":[
1,14,2,3,4,1,5,0,2,3,1,0,6,5,7,8,6,7,7,9,10,11,10,9,12,13,11,9,12,11,5,2,7,7,10,8,1,2,0]
}