{"VBO":[
-21.8409,-21.93102,0,0,0,-1,0.6492957,0.1918568,-21.97189,-21.58148,0,0,0,-1,0.2551038,0.2433598,-21.54599,-21.78169,0,0,0,-1,0.4808928,0.0759047,-22.29586,-21.57206,0,0,0,-1,0.2444781,0.3707336,-23.15972,-21.44302,0,0,0,-1,0.09895365,0.7103817,-23.12722,-21.92083,0,0,0,-1,0.6378028,0.6976048,-22.35396,-21.45123,0,0,0,-1,0.1082089,0.3935778,-21.35293,-21.66804,0,0,0,-1,0.3527169,3.56249E-07,-21.39373,-21.76571,0,0,0,-1,0.462873,0.01604127,-23.72717,-21.40393,0,0,0,-1,0.05487211,0.93349,-23.33073,-21.35527,0,0,0,-1,-6.404813E-08,0.7776198,-23.82369,-21.65059,0,0,0,-1,0.3330494,0.9714361,-23.89634,-21.49109,0,0,0,-1,0.1531696,1,-23.40282,-21.92104,0,0,0,-1,0.6380409,0.805964,-23.32556,-21.79527,0,0,0,-1,0.4962017,0.7755854,-22.02797,-22.04536,0,0,0,-1,0.7782514,0.265411,-22.38953,-22.16936,0,0,0,-1,0.9180896,0.4075642,-22.05013,-22.12469,0,0,0,-1,0.8677109,0.274118,-21.85984,-22.04841,0,0,0,-1,0.7816831,0.1993047,-22.85874,-22.10393,0,0,0,-1,0.8442945,0.5920426,-22.70672,-22.24199,0,0,0,-1,1,0.532275,-22.53456,-22.23672,0,0,0,-1,0.9940549,0.4645872,-23.33123,-22.10885,0,0,0,-1,0.8498536,0.7778158,-23.33649,-21.95469,0,0,0,-1,0.6759872,0.779883,-21.67257,-21.87257,0,0,0,-1,0.5833774,0.1256731,-23.81868,-21.87784,0,0,0,-1,0.5893274,0.9694664],
"IBO":[
0,1,2,0,3,1,0,5,3,4,6,3,2,1,7,2,7,8,9,10,4,11,12,4,4,13,11,13,4,14,9,4,12,0,15,16,16,15,17,18,15,0,14,4,5,5,16,19,19,16,20,21,20,16,23,5,22,0,2,24,5,0,16,13,25,11,5,4,3,5,19,22]
}