{"VBO":[
3.050507,-16.5375,0,0,0,-1,0.06887271,0.08702809,3.034631,-16.61041,0,0,0,-1,0.8830249,0.1915234,2.922065,-16.58613,0,0,0,-1,0.6118984,0.9324044],
"IBO":[
0,1,2]
}