{"VBO":[
22.53641,-6.462235,0,0,0,-1,0.2311275,0.951279,22.63371,-6.412926,0,0,0,-1,0.05950359,0.7252002,22.51544,-6.515334,0,0,0,-1,0.4159314,1,22.57065,-6.395831,0,0,0,-1,-2.704128E-07,0.8717176,22.688,-6.519625,0,0,0,-1,0.4308671,0.5990836,22.6781,-6.592635,0,0,0,-1,0.6849841,0.6220781,22.85065,-6.585867,0,0,0,-1,0.6614222,0.2211835,22.73557,-6.527331,0,0,0,-1,0.4576845,0.4885616,22.85725,-6.542724,0,0,0,-1,0.5112619,0.2058408,22.86395,-6.631206,0,0,0,-1,0.8192281,0.1902666,22.94579,-6.601279,0,0,0,-1,0.7150657,0.0001386868,22.94585,-6.68092,0,0,0,-1,0.9922564,-8.393758E-07,22.92815,-6.683146,0,0,0,-1,1.000002,0.04111338,22.79208,-6.655598,0,0,0,-1,0.9041225,0.3572645,22.69678,-6.430022,0,0,0,-1,0.1190093,0.578683],
"IBO":[
0,1,2,0,3,1,4,5,2,6,7,8,9,6,10,9,10,12,5,4,7,7,6,13,13,5,7,2,1,4,10,11,12,6,9,13,1,14,4]
}