{"VBO":[
7.23701,-17.35284,0,0,0,-1,0.1550415,0.6723942,7.427102,-17.2756,0,0,0,-1,0.07624985,0.6103795,7.92304,-17.28807,0,0,0,-1,0.08896881,0.4485869,8.247136,-17.90331,0,0,0,-1,0.7166118,0.3428553,8.000768,-18.0021,0,0,0,-1,0.8173867,0.4232295,7.159417,-18.09226,0,0,0,-1,0.9093648,0.6977077,6.436025,-17.9564,0,0,0,-1,0.7707732,0.9337037,7.35605,-18.02549,0,0,0,-1,0.841248,0.6335593,8.484749,-18.0626,0,0,0,-1,0.8791144,0.2653375,8.454513,-17.95704,0,0,0,-1,0.7714195,0.2752018,8.774022,-17.88099,0,0,0,-1,0.6938365,0.1709664,6.591531,-18.03876,0,0,0,-1,0.8547948,0.882972,8.790504,-17.34386,0,0,0,-1,0.1458814,0.1655894,8.804578,-17.51608,0,0,0,-1,0.3215777,0.1609983,8.642705,-17.52649,0,0,0,-1,0.3321902,0.2138077,8.287678,-17.3489,0,0,0,-1,0.1510217,0.3296293,8.226232,-17.26985,0,0,0,-1,0.07037975,0.3496744,8.750796,-17.66382,0,0,0,-1,0.4722928,0.1785436,9.084783,-17.67518,0,0,0,-1,0.4838829,0.06958529,8.979486,-17.74721,0,0,0,-1,0.557364,0.1039371,9.064137,-17.557,0,0,0,-1,0.3633159,0.07632124,8.753377,-17.76537,0,0,0,-1,0.5758914,0.1777016,9.153985,-17.91643,0,0,0,-1,0.7299972,0.04700875,9.066888,-17.79597,0,0,0,-1,0.6071015,0.07542297,9.262197,-17.81894,0,0,0,-1,0.6305403,0.01170736,7.762697,-17.19652,0,0,0,-1,-0.004428385,0.5008962,7.090543,-17.34781,0,0,0,-1,0.1499123,0.720177,7.003472,-17.44205,0,0,0,-1,0.2460532,0.7485822,6.511639,-17.57541,0,0,0,-1,0.3821005,0.9090362,6.271031,-17.91212,0,0,0,-1,0.7255956,0.9875308,6.359693,-17.70268,0,0,0,-1,0.5119319,0.9586056,6.232808,-17.71229,0,0,0,-1,0.5217404,1,9.047301,-18.08999,0,0,0,-1,0.9070482,0.08181308,8.928208,-17.89115,0,0,0,-1,0.7042012,0.1206665,8.875703,-18.0888,0,0,0,-1,0.905843,0.1377948,8.773774,-18.16173,0,0,0,-1,0.9802389,0.171048,8.152612,-18.03677,0,0,0,-1,0.8527644,0.3736922,8.057839,-18.04291,0,0,0,-1,0.8590214,0.4046105,7.619599,-18.14164,0,0,0,-1,0.95974,0.5475802,7.292668,-18.11119,0,0,0,-1,0.9286777,0.6542365,7.841534,-18.11014,0,0,0,-1,0.9276098,0.475177,6.97231,-18.16854,0,0,0,-1,0.987182,0.7587491,7.134107,-18.1811,0,0,0,-1,1,0.705965,6.674113,-18.16877,0,0,0,-1,0.9874155,0.8560312,6.57636,-18.14176,0,0,0,-1,0.9598688,0.8879216,6.807302,-18.10522,0,0,0,-1,0.9225861,0.8125808,9.298081,-17.91156,0,0,0,-1,0.7250299,0],
"IBO":[
0,1,2,3,4,2,5,6,7,10,35,8,11,6,5,12,13,14,15,12,14,15,2,16,2,15,3,17,15,14,17,20,19,21,3,17,19,21,17,10,9,21,22,23,24,1,25,2,26,0,27,0,7,27,6,28,27,6,29,30,30,29,31,6,30,28,22,32,33,34,35,10,4,36,37,3,36,4,10,33,34,4,38,7,39,5,7,38,4,40,41,5,42,43,44,11,11,5,45,45,43,11,5,41,45,2,4,7,3,21,9,22,33,23,22,24,46,10,8,9,20,18,19,3,15,17,7,6,27,33,32,34,2,7,0]
}