{"VBO":[
23.43862,-6.865687,0,0,0,-1,0.2616096,0.4632463,23.50634,-6.899481,0,0,0,-1,0.3691066,0.2040151,23.3807,-6.996278,0,0,0,-1,0.6770208,0.6849723,23.54981,-6.841425,0,0,0,-1,0.1844386,0.03760782,23.29841,-6.870629,0,0,0,-1,0.2773326,0.9999955,23.55471,-6.928454,0,0,0,-1,0.4612718,0.01883692,23.55963,-7.039657,0,0,0,-1,0.8150093,-4.638569E-08,23.38561,-7.097813,0,0,0,-1,1.000001,0.6661642,23.49658,-6.783446,0,0,0,-1,0,0.2413755,23.29846,-6.93832,0,0,0,-1,0.4926577,0.9998017],
"IBO":[
0,1,2,0,8,3,2,9,4,5,6,1,2,6,7,0,3,1,2,4,0,6,2,1]
}