{"VBO":[
23.41117,-6.747313,0,0,0,-1,0.6875,0.34375,23.3088,-6.731312,0,0,0,-1,0.6121197,0.8300129,23.36965,-6.636293,0,0,0,-1,0.1645105,0.5409485,23.29706,-6.60768,0,0,0,-1,0.02972181,0.8857912,23.34544,-6.60137,0,0,0,-1,0,0.6559841,23.30293,-6.669497,0,0,0,-1,0.3209199,0.8578973,23.27302,-6.799432,0,0,0,-1,0.9330181,0.9999934,23.42355,-6.813653,0,0,0,-1,1.000001,0.2849341,23.44852,-6.664904,0,0,0,-1,0.2992879,0.1663088,23.48353,-6.752682,0,0,0,-1,0.7127857,-1.74492E-06],
"IBO":[
2,8,0,2,5,3,1,5,2,1,0,6,7,6,0,9,7,0,8,9,0,2,0,1,2,3,4]
}