{"VBO":[
23.03896,-6.83644,0,0,0,-1,0.3128656,0.1593626,22.88859,-6.907347,0,0,0,-1,0.480355,0.4295052,22.92612,-6.809981,0,0,0,-1,0.2503648,0.3620802,22.79665,-6.739289,0,0,0,-1,0.08338322,0.5946658,22.57102,-6.760478,0,0,0,-1,0.1334365,0.9999999,22.67274,-6.703988,0,0,0,-1,-1.665317E-07,0.817265,22.78784,-6.795707,0,0,0,-1,0.216649,0.6104848,22.98494,-7.06766,0,0,0,-1,0.8590312,0.2564084,22.86987,-7.019081,0,0,0,-1,0.7442817,0.4631309,23.00941,-6.980226,0,0,0,-1,0.6525,0.2124473,23.12538,-7.019989,0,0,0,-1,0.7464275,0.00411487,23.05135,-7.127341,0,0,0,-1,1.000001,0.1371039,23.12767,-7.122856,0,0,0,-1,0.98941,1.941313E-07,22.80894,-6.902983,0,0,0,-1,0.47005,0.5725821,22.68283,-6.883173,0,0,0,-1,0.4232508,0.7991326,23.03129,-6.921614,0,0,0,-1,0.5140567,0.1731526],
"IBO":[
0,15,2,3,6,5,7,8,9,11,7,10,11,10,12,6,13,14,9,8,1,1,13,6,14,4,6,1,15,9,15,1,2,6,4,5,7,9,10,8,13,1]
}