{"VBO":[
-38.13231,-13.32523,0,0,0,-1,0.5687497,0.624974,-37.9327,-13.12925,0,0,0,-1,0.2561689,0.2708443,-38.06418,-13.41018,0,0,0,-1,0.7042269,0.5041013,-37.76817,-13.03392,0,0,0,-1,0.1041132,-0.02106923,-38.33012,-13.6072,0,0,0,-1,1.018467,0.9759446,-38.34368,-13.45855,0,0,0,-1,0.781378,0.999995,-37.88583,-12.96864,0,0,0,-1,0,0.1876817],
"IBO":[
0,1,2,2,1,3,4,5,2,3,1,6,5,0,2]
}