{"VBO":[
22.32125,-5.837399,0,0,0,-1,4.328414E-06,0.1334186,22.36561,-5.877275,0,0,0,-1,0.2729586,-0.02387792,22.25495,-5.89819,0,0,0,-1,0.4161424,0.3684979,22.07686,-5.922759,0,0,0,-1,0.5843149,1,22.08353,-5.964785,0,0,0,-1,0.8720078,0.976352,22.234,-5.979646,0,0,0,-1,0.9737312,0.4427894],
"IBO":[
0,1,2,2,5,3,1,5,2,5,4,3]
}