{"VBO":[
-3.526993,-9.507455,0,0,0,-1,0.9209604,0.895945,-3.470112,-9.71165,0,0,0,-1,0.9962348,-0.0444241,-4.203045,-9.578699,0,0,0,-1,0.02630334,0.5678499],
"IBO":[
0,1,2]
}