{"VBO":[
19.44654,-5.024864,0,0,0,-1,-0.006208687,0.4090372,19.46221,-5.158877,0,0,0,-1,0.8673594,0.2070113,19.4007,-5.121932,0,0,0,-1,0.6265301,1],
"IBO":[
0,1,2]
}