{"VBO":[
23.16453,-5.091254,0,0,0,-1,0.264703,0.5778087,23.16368,-5.143219,0,0,0,-1,0.497963,0.5790573,23.01199,-5.081729,0,0,0,-1,0.2219474,0.8003349,22.95739,-5.16874,0,0,0,-1,0.6125173,0.8799738,22.95304,-5.032284,0,0,0,-1,0,0.8863227,23.07946,-5.148661,0,0,0,-1,0.5223886,0.7019078,23.56142,-5.20503,0,0,0,-1,0.7754136,-0.001160851,23.32616,-5.184473,0,0,0,-1,0.6831341,0.3420312,23.53461,-5.157269,0,0,0,-1,0.5610285,0.03795111,23.35908,-5.255064,0,0,0,-1,1,0.2940122,23.24527,-5.226481,0,0,0,-1,0.8716988,0.4600279,23.13955,-5.224771,0,0,0,-1,0.86402,0.6142538,22.87511,-5.059221,0,0,0,-1,0.1209191,1],
"IBO":[
1,5,0,2,3,4,2,5,3,6,9,8,7,5,1,7,9,10,10,11,7,3,12,4,11,5,7,5,2,0,9,7,8]
}