{"VBO":[
22.17036,-5.158737,0,0,0,-1,0.3265818,0.2574696,22.43571,-5.107644,0,0,0,-1,0.2564068,0.1169045,22.66419,-5.207768,0,0,0,-1,0.3939296,-0.004131178,22.22333,-5.00166,0,0,0,-1,0.1108342,0.2294107,22.3919,-4.982796,0,0,0,-1,0.08492718,0.1401096,22.26645,-5.338984,0,0,0,-1,0.5741543,0.2065685,21.88728,-5.141433,0,0,0,-1,0.3028153,0.4074274,22.02368,-5.448186,0,0,0,-1,0.7241441,0.335174,21.72809,-5.160223,0,0,0,-1,0.3286249,0.4917595,21.62188,-5.079131,0,0,0,-1,0.2172441,0.548024,21.62798,-4.897587,0,0,0,-1,-0.03211021,0.54479,21.65615,-5.500448,0,0,0,-1,0.7959282,0.529869,20.77116,-5.308594,0,0,0,-1,0.5324122,0.9986832,20.83603,-5.194168,0,0,0,-1,0.3752497,0.964317,21.1555,-5.329227,0,0,0,-1,0.5607539,0.7950797,21.10754,-5.421344,0,0,0,-1,0.6872768,0.8204898,22.23304,-5.645138,0,0,0,-1,0.99466,0.2242686,22.25286,-5.513649,0,0,0,-1,0.8140596,0.2137665,21.49824,-5.546543,0,0,0,-1,0.859239,0.613517,21.29641,-5.617457,0,0,0,-1,0.9566413,0.720437],
"IBO":[
2,5,1,3,4,1,1,0,3,5,6,0,8,6,7,8,9,6,10,6,9,7,11,8,14,15,13,16,7,17,11,7,16,18,19,15,11,16,18,18,16,19,5,0,1,6,5,7,15,12,13]
}