{"VBO":[
20.39643,-5.183949,0,0,0,-1,0.2903869,0.4998879,20.47542,-5.163525,0,0,0,-1,0.05944997,0.3488561,20.48783,-5.204485,0,0,0,-1,0.522598,0.3251373,20.62959,-5.158266,0,0,0,-1,-3.000403E-07,0.05410188,20.41471,-5.247724,0,0,0,-1,1.011502,0.4649339,20.14676,-5.178684,0,0,0,-1,0.2308608,0.9772275,20.13484,-5.22895,0,0,0,-1,0.799196,1.000002,20.65722,-5.211593,0,0,0,-1,0.602959,0.001281894],
"IBO":[
2,4,0,1,3,2,5,0,4,6,5,4,7,2,3,2,0,1]
}