{"VBO":[
-27.24291,0.5514239,0,0,0,-1,0.1212557,0.4050752,-28.17415,0.5157313,0,0,0,-1,0.1325718,0.7284317,-27.6066,0.7527166,0,0,0,-1,0.05743564,0.5313599,-26.64072,-0.7564225,0,0,0,-1,0.5359092,0.1959783,-26.42818,-0.7403951,0,0,0,-1,0.5308276,0.1221786,-26.74579,-0.9728771,0,0,0,-1,0.604536,0.2324599,-28.65495,-0.9585506,0,0,0,-1,0.5999936,0.8953773,-26.39502,0.1290984,0,0,0,-1,0.2551543,0.1106626,-26.81321,0.5705009,0,0,0,-1,0.1152072,0.2558698,-26.67001,0.6541815,0,0,0,-1,0.08867631,0.2061476,-26.90703,0.7144516,0,0,0,-1,0.06956775,0.2884488,-26.36539,0.4037172,0,0,0,-1,0.1680865,0.1003722,-26.43716,0.594667,0,0,0,-1,0.1075453,0.1252956,-27.06404,0.7374473,0,0,0,-1,0.0622769,0.3429684,-27.37447,0.767055,0,0,0,-1,0.0528897,0.4507571,-26.23314,0.09324399,0,0,0,-1,0.266522,0.05445372,-26.07632,-0.4006826,0,0,0,-1,0.4231218,3.084119E-07,-27.88784,0.7726302,0,0,0,-1,0.05112236,0.6290116,-27.79245,0.9338737,0,0,0,-1,0,0.5958914,-27.6372,0.8802695,0,0,0,-1,0.01699516,0.5419866,-28.02514,0.7844634,0,0,0,-1,0.04737073,0.6766871,-28.22218,0.8559418,0,0,0,-1,0.02470851,0.7451062,-28.24935,0.4801185,0,0,0,-1,0.143863,0.7545433,-28.18419,0.1816552,0,0,0,-1,0.2384908,0.7319177,-28.47598,-0.06237182,0,0,0,-1,0.3158604,0.8332332,-28.48767,-0.4376814,0,0,0,-1,0.4348522,0.837295,-26.30439,-0.8418145,0,0,0,-1,0.5629829,0.07919183,-26.14589,-0.6767303,0,0,0,-1,0.5106426,0.0241591,-27.27194,-1.172532,0,0,0,-1,0.6678371,0.415155,-28.58322,-1.15085,0,0,0,-1,0.6609623,0.8704723,-27.35745,-1.343898,0,0,0,-1,0.7221687,0.4448488,-27.59838,-1.562979,0,0,0,-1,0.7916281,0.5285076,-27.78554,-1.575812,0,0,0,-1,0.7956968,0.5934939,-27.97888,-1.801194,0,0,0,-1,0.8671548,0.6606271,-27.80445,-1.737614,0,0,0,-1,0.8469964,0.6000599,-28.59182,-0.7662339,0,0,0,-1,0.5390199,0.8734558,-28.87874,-0.5479994,0,0,0,-1,0.4698285,0.9730856,-28.8736,-0.4511877,0,0,0,-1,0.4391344,0.9712995,-28.47036,-1.921425,0,0,0,-1,0.9052737,0.8312838,-28.75094,-1.524072,0,0,0,-1,0.7792932,0.9287099,-28.98498,-1.699732,0,0,0,-1,0.8349862,1.009974,-28.31018,-2.244243,0,0,0,-1,1.007623,0.7756656,-28.05507,0.9038253,0,0,0,-1,0.009526853,0.6870826],
"IBO":[
0,1,2,0,7,3,5,0,3,6,35,5,7,8,9,8,0,10,11,7,12,10,0,13,2,14,0,4,7,15,15,16,4,8,7,0,17,18,19,2,17,19,1,17,2,20,1,21,1,20,17,0,22,1,23,22,0,24,23,0,24,0,25,26,4,27,5,28,29,28,30,29,31,29,30,29,31,32,32,33,29,34,33,32,35,25,0,36,37,25,38,39,29,38,40,39,38,33,41,5,29,6,7,9,12,20,21,42,27,4,16,38,29,33,7,4,3,35,0,5,36,25,35]
}