{"VBO":[
-34.52643,-10.02814,0,0,0,-1,0.563961,0.8824626,-34.18604,-9.751968,0,0,0,-1,0.4730904,0.7808366,-33.94975,-9.634019,0,0,0,-1,0.4342813,0.71029,-31.72711,-8.958186,0,0,0,-1,0.211911,0.04669965,-32.2528,-8.696424,0,0,0,-1,0.1257833,0.2036522,-31.76491,-8.639257,0,0,0,-1,0.1069738,0.0579866,-31.81321,-8.326953,0,0,0,-1,0.004215503,0.07240849,-31.9338,-8.565633,0,0,0,-1,0.08274898,0.1084073,-32.05059,-8.419333,0,0,0,-1,0.03461156,0.143277,-31.92208,-9.34935,0,0,0,-1,0.3406166,0.1049102,-32.30225,-9.106807,0,0,0,-1,0.2608119,0.2184128,-32.68708,-9.244058,0,0,0,-1,0.3059719,0.333307,-32.6007,-8.991636,0,0,0,-1,0.2229173,0.3075217,-31.55618,-9.188049,0,0,0,-1,0.2875439,-0.004330555,-32.9196,-9.291657,0,0,0,-1,0.3216341,0.4027281,-32.86935,-9.081788,0,0,0,-1,0.2525798,0.3877264,-33.26506,-9.894863,0,0,0,-1,0.5201075,0.5058685,-33.6139,-9.516154,0,0,0,-1,0.3955005,0.6100195,-33.22969,-9.248089,0,0,0,-1,0.3072982,0.4953091,-33.12863,-9.407068,0,0,0,-1,0.359608,0.4651363,-33.9493,-9.514865,0,0,0,-1,0.3950763,0.7101565,-34.13528,-9.549503,0,0,0,-1,0.4064736,0.7656843,-34.41217,-9.621721,0,0,0,-1,0.4302359,0.8483511,-34.59687,-9.840342,0,0,0,-1,0.5021681,0.9034941,-33.73281,-10.24932,0,0,0,-1,0.6367357,0.645522,-32.42602,-9.798965,0,0,0,-1,0.4885541,0.2553678,-33.64328,-10.38721,0,0,0,-1,0.682107,0.6187912,-33.98452,-10.27947,0,0,0,-1,0.6466547,0.7206715,-34.68396,-10.29871,0,0,0,-1,0.6529869,0.9294968,-34.39869,-10.83062,0,0,0,-1,0.8280022,0.8443263,-34.29887,-11.22232,0,0,0,-1,0.9568845,0.8145255,-34.92614,-10.86975,0,0,0,-1,0.8408766,1.001803,-34.7444,-11.35336,0,0,0,-1,1,0.9475406],
"IBO":[
2,27,1,3,4,5,6,7,8,4,8,7,4,7,5,10,4,3,10,11,12,9,3,13,9,11,10,11,14,15,11,9,14,9,16,14,17,18,19,20,17,2,2,1,21,16,24,2,22,1,23,25,16,9,26,24,16,27,29,28,1,0,23,30,32,29,16,19,14,19,16,17,2,24,27,29,31,28,27,0,1,10,3,9,16,2,17,27,28,0,32,31,29]
}