{"VBO":[
-31.3257,-7.481349,0,0,0,-1,0.3411641,0.4108445,-31.15521,-7.237697,0,0,0,-1,-2.523689E-06,0.1786632,-31.09468,-7.449949,0,0,0,-1,0.2971978,0.09623984,-31.34011,-7.677,0,0,0,-1,0.6151161,0.4304742,-31.49413,-7.689614,0,0,0,-1,0.632779,0.640228,-31.50849,-7.951875,0,0,0,-1,1.000002,0.6597953,-31.7583,-7.895871,0,0,0,-1,0.9215835,1.000002,-31.02402,-7.320853,0,0,0,-1,0.1164357,-6.125206E-07],
"IBO":[
0,1,2,2,3,0,0,3,4,5,4,3,5,6,4,1,7,2]
}