{"VBO":[
-30.29885,-2.563099,0,0,0,-1,0.2504463,0.6985397,-30.58429,-2.064795,0,0,0,-1,0.1162249,0.8467866,-30.11172,-2.333047,0,0,0,-1,0.1884802,0.60135,-29.84464,-2.975299,0,0,0,-1,0.3614755,0.462637,-29.74038,-3.076751,0,0,0,-1,0.3888018,0.4084865,-30.00001,-3.970367,0,0,0,-1,0.6295041,0.5433274,-30.17369,-3.830136,0,0,0,-1,0.5917318,0.6335355,-30.27666,-3.598953,0,0,0,-1,0.5294611,0.6870107,-29.69937,-4.282166,0,0,0,-1,0.7134894,0.3871807,-29.50703,-4.348882,0,0,0,-1,0.7314601,0.2872899,-29.54833,-5.325705,0,0,0,-1,0.9945738,0.3087389,-29.73006,-4.639251,0,0,0,-1,0.809673,0.4031233,-29.14968,-4.611971,0,0,0,-1,0.802325,0.1016902,-29.61967,-2.381155,0,0,0,-1,0.2014388,0.3457882,-29.71319,-2.136787,0,0,0,-1,0.1356164,0.3943613,-29.56769,-1.932897,0,0,0,-1,0.0806971,0.3187926,-29.80124,-2.431576,0,0,0,-1,0.2150198,0.4400933,-29.94024,-2.140435,0,0,0,-1,0.136599,0.5122906,-29.55977,-2.976084,0,0,0,-1,0.3616868,0.314678,-29.48646,-3.076554,0,0,0,-1,0.3887492,0.2766047,-29.57302,-3.19529,0,0,0,-1,0.4207319,0.3215623,-29.85942,-2.554419,0,0,0,-1,0.2481089,0.4703122,-29.62961,-2.891582,0,0,0,-1,0.3389259,0.3509521,-29.87953,-2.669618,0,0,0,-1,0.2791381,0.4807566,-30.4883,-3.201041,0,0,0,-1,0.4222808,0.7969338,-30.68999,-2.868265,0,0,0,-1,0.3326451,0.901683,-30.03591,-1.973963,0,0,0,-1,0.09175859,0.5619745,-30.5892,-1.630236,0,0,0,-1,-0.0008268525,0.849337,-30.8793,-2.099946,0,0,0,-1,0.1256927,1.000007,-30.75275,-1.876346,0,0,0,-1,0.06546441,0.9342794,-30.19298,-2.752148,0,0,0,-1,0.301368,0.6435527,-29.18605,-4.106812,0,0,0,-1,0.6662569,0.1205782,-29.38897,-3.4874,0,0,0,-1,0.4994135,0.2259725,-29.06882,-3.920846,0,0,0,-1,0.6161654,0.05969139,-29.57052,-3.646103,0,0,0,-1,0.5421616,0.3202602,-28.95388,-4.564824,0,0,0,-1,0.7896253,0,-28.99296,-4.682347,0,0,0,-1,0.821281,0.02029396,-29.09844,-5.015323,0,0,0,-1,0.9109701,0.07508099,-29.30205,-5.329607,0,0,0,-1,0.995625,0.1808257,-29.56041,-4.536448,0,0,0,-1,0.781982,0.3150142,-29.75803,-4.926157,0,0,0,-1,0.8869532,0.4176476,-30.21717,-4.107684,0,0,0,-1,0.6664912,0.656113,-30.64752,-3.337284,0,0,0,-1,0.4589787,0.8796294,-29.76802,-5.227822,0,0,0,-1,0.9682088,0.422838,-29.6923,-1.983616,0,0,0,-1,0.09435899,0.3835098,-30.36635,-3.90737,0,0,0,-1,0.6125359,0.7335975,-30.48214,-3.696756,0,0,0,-1,0.5558051,0.7937377],
"IBO":[
0,1,2,5,6,4,6,7,3,8,5,9,12,38,11,13,14,15,16,2,17,14,13,16,20,4,18,0,2,21,22,3,23,25,30,24,26,1,27,1,28,29,25,0,30,1,0,28,3,30,23,31,34,33,9,5,34,20,34,5,12,31,35,12,35,36,37,38,12,9,12,39,12,11,39,10,40,11,41,45,6,7,46,42,10,43,40,5,4,20,24,3,7,1,26,2,9,31,12,14,44,15,16,17,14,2,16,21,6,3,4,38,10,11,20,18,19,30,3,24,0,25,28,34,32,33,9,34,31,41,6,5,7,42,24]
}