{"VBO":[
-36.84218,-12.53512,0,0,0,-1,0.1427354,0,-36.91924,-12.58144,0,0,0,-1,0.2417104,0.0904392,-36.86536,-12.46833,0,0,0,-1,0,0.0272036,-37.14532,-12.62529,0,0,0,-1,0.3354322,0.355801,-37.01439,-12.47873,0,0,0,-1,0.02221094,0.202121,-37.24802,-12.73329,0,0,0,-1,0.5662313,0.4763341,-37.36882,-12.69741,0,0,0,-1,0.4895522,0.6181185,-37.06301,-12.73572,0,0,0,-1,0.571419,0.2591868,-37.48025,-12.8344,0,0,0,-1,0.7823088,0.7489024,-37.69606,-12.88345,0,0,0,-1,0.8871139,1.002203,-37.58353,-12.93627,0,0,0,-1,1.000001,0.8701282],
"IBO":[
0,1,2,1,7,3,5,6,3,3,7,5,5,8,6,9,6,8,8,10,9,1,4,2,1,3,4]
}