{"VBO":[
-29.41536,0.9053035,0,0,0,-1,0.3004947,0.5263801,-29.83373,0.7969894,0,0,0,-1,0.349966,0.8272816,-30.02415,1.154018,0,0,0,-1,0.1868947,0.9642355,-29.29649,0.5378738,0,0,0,-1,0.4683162,0.4408847,-29.79239,0.5066581,0,0,0,-1,0.4825743,0.7975469,-29.23996,0.5379195,0,0,0,-1,0.4682959,0.4002245,-28.9294,0.9361805,0,0,0,-1,0.2863915,0.1768665,-28.8814,0.7759585,0,0,0,-1,0.3595718,0.1423448,-29.11991,1.475904,0,0,0,-1,0.0398741,0.3138824,-29.1108,1.348153,0,0,0,-1,0.09822336,0.3073304,-29.20477,1.563205,0,0,0,-1,0,0.3749179,-29.01505,1.35239,0,0,0,-1,0.09628833,0.2384714,-28.87737,1.256749,0,0,0,-1,0.1399729,0.1394426,-29.22253,1.27283,0,0,0,-1,0.1326277,0.3876922,-29.27654,1.32418,0,0,0,-1,0.1091744,0.4265323,-29.31008,1.511732,0,0,0,-1,0.0235099,0.4506615,-28.78566,0.7697883,0,0,0,-1,0.3623911,0.07348455,-28.69073,0.5382667,0,0,0,-1,0.4681376,0.005211317,-29.25827,0.959314,0,0,0,-1,0.2758252,0.4133938,-29.68935,1.32608,0,0,0,-1,0.1083054,0.7234406,-29.93693,1.344226,0,0,0,-1,0.1000171,0.9015046,-29.32753,0.820504,0,0,0,-1,0.3392266,0.4632153,-29.59822,0.3060623,0,0,0,-1,0.5741963,0.6579014,-28.8684,0.278679,0,0,0,-1,0.5867032,0.1329958,-28.87852,0.06282183,0,0,0,-1,0.6852949,0.14027,-28.96066,-0.04002208,0,0,0,-1,0.732269,0.1993522,-29.33528,0.1208845,0,0,0,-1,0.6587754,0.4687856,-29.1412,-0.08761423,0,0,0,-1,0.7540066,0.3291987,-29.22907,0.05594968,0,0,0,-1,0.6884342,0.3923959,-28.93988,-0.3329378,0,0,0,-1,0.8660572,0.1844054,-29.06055,-0.4666481,0,0,0,-1,0.927129,0.2711912,-29.16,-0.2687364,0,0,0,-1,0.8367336,0.3427193,-29.36227,-0.6218185,0,0,0,-1,0.9980029,0.488194,-29.27752,-0.3803796,0,0,0,-1,0.8877265,0.4272429,-29.79944,0.1233024,0,0,0,-1,0.6576712,0.802619,-29.46223,-0.04345102,0,0,0,-1,0.7338353,0.5600889,-29.8868,0.2986465,0,0,0,-1,0.5775836,0.8654515,-30.02208,0.2818923,0,0,0,-1,0.5852359,0.9627455,-30.01775,0.06751394,0,0,0,-1,0.6831517,0.9596328,-30.06984,0.1486471,0,0,0,-1,0.6460949,0.9970993,-29.60083,-0.09156171,0,0,0,-1,0.7558098,0.6597755,-29.95097,-0.1613836,0,0,0,-1,0.7877004,0.9116037,-29.54426,-0.2056332,0,0,0,-1,0.8079115,0.6190899,-30.07387,-0.02410746,0,0,0,-1,0.7250001,1,-30.03937,0.8919066,0,0,0,-1,0.3066132,0.9751804,-29.55142,1.246881,0,0,0,-1,0.1444801,0.6242361,-29.56325,-0.394375,0,0,0,-1,0.8941184,0.6327442,-29.54162,-0.5681405,0,0,0,-1,0.9734854,0.6171895],
"IBO":[
2,19,1,4,1,0,5,6,7,8,9,10,11,12,6,9,11,6,13,14,9,10,9,14,9,6,13,7,16,17,13,6,5,13,5,18,19,2,20,3,0,21,4,3,22,23,5,7,5,23,24,24,25,5,5,26,3,27,28,5,5,28,26,5,25,29,5,29,27,30,31,29,27,29,31,30,32,33,3,26,22,35,40,34,34,39,36,34,38,39,38,34,41,35,42,40,43,38,41,1,44,2,0,19,45,30,33,31,32,47,46,26,35,22,19,0,1,4,0,3,10,14,15,23,7,17,35,34,22,39,37,36,34,40,41,32,46,33]
}