{"VBO":[
-38.26045,1.536275,0,0,0,-1,0.2350172,0.2475622,-38.27226,1.35719,0,0,0,-1,0.5293154,0.2708021,-38.57579,1.687252,0,0,0,-1,-0.01308549,0.8685469,-38.61859,1.506154,0,0,0,-1,0.2845196,0.9528219,-38.64254,1.607614,0,0,0,-1,0.1177825,1,-38.35468,1.192981,0,0,0,-1,0.7991673,0.4331131,-38.15279,1.255807,0,0,0,-1,0.6959221,0.03555032,-38.13474,1.070772,0,0,0,-1,1,-5.296435E-07],
"IBO":[
0,1,2,3,4,2,2,1,3,5,6,7,5,1,6,1,5,3]
}