{"VBO":[
-30.39187,-0.4100563,0,0,0,-1,0.3756029,0.8232031,-30.21993,-0.3728318,0,0,0,-1,0.3093295,0.6426759,-30.24003,-0.5414356,0,0,0,-1,0.6095136,0.6637762,-30.097,-0.1990903,0,0,0,-1,-1.406395E-07,0.5135921,-29.90816,-0.2158036,0,0,0,-1,0.02975711,0.3153232,-29.89629,-0.3051476,0,0,0,-1,0.1888241,0.3028592,-30.11363,-0.4924496,0,0,0,-1,0.522297,0.5310618,-29.68365,-0.5258391,0,0,0,-1,0.5817455,0.07959104,-29.82374,-0.3758988,0,0,0,-1,0.3147912,0.2266861,-29.67368,-0.3960143,0,0,0,-1,0.3506041,0.0691307,-29.60785,-0.5072331,0,0,0,-1,0.5486184,0,-30.44386,-0.7607619,0,0,0,-1,0.9999998,0.8777936,-30.53503,-0.6023703,0,0,0,-1,0.7180015,0.973517,-30.35788,-0.7539505,0,0,0,-1,0.9878725,0.7875199,-30.56025,-0.6782422,0,0,0,-1,0.8530822,1],
"IBO":[
0,1,2,3,4,5,6,1,3,7,6,8,2,1,6,7,9,10,11,12,13,12,0,2,8,9,7,6,5,8,11,14,12,6,3,5,12,2,13]
}