{"VBO":[
-33.70705,0.0736495,0,0,0,-1,0.8754181,0.347515,-33.60873,1.133701,0,0,0,-1,0.5223945,0.3302189,-33.13554,0.6730271,0,0,0,-1,0.6758108,0.2469702,-33.9893,1.724512,0,0,0,-1,0.3256396,0.3971726,-34.24449,2.080632,0,0,0,-1,0.2070431,0.4420687,-33.77551,2.084396,0,0,0,-1,0.2057895,0.359561,-35.79412,2.018033,0,0,0,-1,0.2278901,0.7146976,-35.57468,1.869376,0,0,0,-1,0.2773965,0.6760909,-35.96131,2.010115,0,0,0,-1,0.2305269,0.7441108,-35.3711,1.963529,0,0,0,-1,0.2460416,0.6402754,-35.33175,2.271255,0,0,0,-1,0.1435608,0.6333528,-34.68686,2.291858,0,0,0,-1,0.136699,0.5198959,-33.93425,1.430824,0,0,0,-1,0.4234458,0.3874865,-35.05323,0.5562117,0,0,0,-1,0.7147131,0.5843519,-35.73471,0.9214113,0,0,0,-1,0.5930922,0.7042463,-35.91994,1.191464,0,0,0,-1,0.5031579,0.7368342,-33.75439,1.830436,0,0,0,-1,0.2903641,0.3558455,-36.31455,1.655546,0,0,0,-1,0.3486071,0.8062592,-36.32711,2.471927,0,0,0,-1,0.07673119,0.8084665,-37.19778,2.675808,0,0,0,-1,0.008834833,0.9616468,-37.08684,2.40085,0,0,0,-1,0.1004027,0.9421278,-37.16142,2.184631,0,0,0,-1,0.1724086,0.9552481,-37.43104,2.379177,0,0,0,-1,0.1076196,1.002684,-36.59735,1.356394,0,0,0,-1,0.4482322,0.8560122,-36.5732,1.645372,0,0,0,-1,0.3519954,0.8517632,-32.38823,0.6373324,0,0,0,-1,0.6876976,0.115495,-32.70999,0.8379652,0,0,0,-1,0.6208823,0.1721008,-32.44388,0.898268,0,0,0,-1,0.6007997,0.125285,-32.19818,0.5574511,0,0,0,-1,0.7143,0.08205876,-32.24863,0.3126386,0,0,0,-1,0.7958294,0.09093408,-32.89296,0.334322,0,0,0,-1,0.7886083,0.2042912,-32.74595,0.9826675,0,0,0,-1,0.5726927,0.1784291,-32.21706,-0.1266278,0,0,0,-1,0.942116,0.08537946,-31.83126,0.02456657,0,0,0,-1,0.891764,0.01750579,-31.74935,-0.2938448,0,0,0,-1,0.9978031,0.003094159,-33.18982,1.047584,0,0,0,-1,0.5510737,0.2565199,-36.00897,0.9705381,0,0,0,-1,0.5767323,0.752497,-35.6175,0.7365508,0,0,0,-1,0.6546557,0.6836258,-32.90614,-0.09670977,0,0,0,-1,0.932152,0.2066118],
"IBO":[
0,1,2,3,4,5,6,7,8,9,10,4,4,10,11,12,4,3,1,0,12,13,14,7,15,17,7,14,15,7,16,3,5,8,17,18,17,20,18,20,21,22,23,24,17,25,26,27,28,29,25,30,25,29,30,26,25,26,31,27,30,2,26,32,38,29,29,33,32,34,32,33,35,2,1,2,35,26,15,14,36,14,13,37,4,12,9,7,9,13,19,20,22,23,17,15,0,13,12,17,8,7,20,19,18,38,30,29,12,13,9]
}