{"VBO":[
1.869746,-10.91073,0,0,0,-1,0.5102077,-0.03077702,1.597989,-10.79343,0,0,0,-1,-0.01615163,0.4438836,2.077626,-10.66699,0,0,0,-1,0.9128447,0.9555625,2.122624,-10.78398,0,0,0,-1,1,0.4821429],
"IBO":[
0,1,2,0,2,3]
}