{"VBO":[
-37.70131,0.8073677,0,0,0,-1,0.3828892,0.7120814,-37.89754,0.8097469,0,0,0,-1,0.3792694,0.9247302,-37.79233,0.9871287,0,0,0,-1,0.1093735,0.8107123,-37.967,0.9150469,0,0,0,-1,0.2190509,1,-37.87719,1.059011,0,0,0,-1,3.351994E-07,0.9026613,-37.06694,0.3959496,0,0,0,-1,1.008884,0.0246367,-37.24995,0.5514474,0,0,0,-1,0.7722868,0.2229645,-37.0442,0.4892065,0,0,0,-1,0.8669865,1.631948E-06,-37.40169,0.4592352,0,0,0,-1,0.9125908,0.3873977,-37.51862,0.5839027,0,0,0,-1,0.7229008,0.514103],
"IBO":[
1,3,2,3,4,2,5,6,7,5,8,6,9,6,8,9,1,0,0,6,9,1,2,0]
}