{"VBO":[
2.35209,-10.64277,0,0,0,-1,0.4130435,0,2.271549,-10.48725,0,0,0,-1,0.01627165,0.8196217,2.466367,-10.49294,0,0,0,-1,0.9760217,0.7896191],
"IBO":[
0,1,2]
}