{"VBO":[
-40.10762,2.678025,0,0,0,-1,0.1422447,0.3309224,-40.14029,2.527788,0,0,0,-1,0.8913127,0.4261707,-40.2983,2.705683,0,0,0,-1,0.00433967,0.887019,-40.24412,2.589158,0,0,0,-1,0.5853276,0.7289947,-40.33704,2.671022,0,0,0,-1,0.1771693,1.000007,-39.99416,2.516975,0,0,0,-1,0.9452288,-1.085454E-06,-40.03246,2.590686,0,0,0,-1,0.5777048,0.111679,-39.99965,2.541551,0,0,0,-1,0.8226945,0.01598589,-40.07336,2.505988,0,0,0,-1,0.9999982,0.2309841],
"IBO":[
1,3,0,2,3,4,5,6,7,6,5,8,6,8,1,6,1,0,3,2,0]
}