{"VBO":[
-40.82544,5.406771,0,0,0,-1,0.6278526,0.1195334,-41.73743,5.844917,0,0,0,-1,0.04164494,0.9847905,-41.37746,5.805712,0,0,0,-1,0.09410002,0.643266,-41.58901,5.876045,0,0,0,-1,0,0.8439636,-41.04423,5.371243,0,0,0,-1,0.6753861,0.3271126,-40.69945,5.191355,0,0,0,-1,0.9160615,2.540713E-07,-40.79339,5.128618,0,0,0,-1,1,0.089131],
"IBO":[
0,4,2,3,2,1,5,6,0,4,1,2,6,4,0]
}