{"VBO":[
-38.81247,1.538713,0,0,0,-1,1.015348,0.1341783,-39.00748,1.689004,0,0,0,-1,0.4359035,0.6961886,-39.00661,1.801622,0,0,0,-1,0.001720877,0.6936764,-39.1129,1.778861,0,0,0,-1,0.08948063,1,-38.82762,1.714839,0,0,0,-1,0.3363154,0.1778659,-39.1077,1.694069,0,0,0,-1,0.4163834,0.9850014,-38.76591,1.642933,0,0,0,-1,0.6135259,-2.889945E-07],
"IBO":[
2,4,1,1,5,3,4,6,0,4,0,1,1,3,2]
}