{"VBO":[
-39.88153,2.348108,0,0,0,-1,0.5523897,0.9999985,-39.87532,2.398065,0,0,0,-1,0.3452977,0.9815964,-39.68586,2.314958,0,0,0,-1,0.6898143,0.4197131,-39.54433,2.327554,0,0,0,-1,0.6375964,-4.453942E-06,-39.60683,2.400354,0,0,0,-1,0.3358133,0.185345,-39.738,2.443965,0,0,0,-1,0.155021,0.5743458,-39.82127,2.48136,0,0,0,-1,5.742182E-06,0.8213027,-39.62545,2.260888,0,0,0,-1,0.9139577,0.2405774,-39.55051,2.240132,0,0,0,-1,0.9999972,0.01832549],
"IBO":[
1,5,0,3,7,4,5,4,2,1,6,5,7,3,8,5,2,0,7,2,4]
}