{"VBO":[
-39.49501,2.239734,0,0,0,-1,0.1521809,1.012243,-39.40065,2.216303,0,0,0,-1,0.4009892,0.02526543,-39.42415,2.15989,0,0,0,-1,1,0.2711411],
"IBO":[
0,1,2]
}