{"VBO":[
-41.53094,5.370676,0,0,0,-1,0.6064848,0.082973,-41.67405,5.338097,0,0,0,-1,0.7968392,0.8470062,-41.7027,5.474485,0,0,0,-1,0,1],
"IBO":[
0,1,2]
}