{"VBO":[
3.188584,-13.89172,0,0,0,-1,0.09158222,0.6115261,3.541593,-14.58074,0,0,0,-1,0.3548951,0.4585441,2.918356,-13.89976,0,0,0,-1,0.0946548,0.7286325,2.582436,-14.49528,0,0,0,-1,0.3222369,0.874209,2.482581,-13.92272,0,0,0,-1,0.1034278,0.9174823,3.096517,-14.95253,0,0,0,-1,0.4969763,0.6514246,3.55504,-14.80432,0,0,0,-1,0.4403383,0.4527158,2.865179,-14.94374,0,0,0,-1,0.4936188,0.7516772,3.514775,-15.35621,0,0,0,-1,0.6512468,0.4701667,3.745549,-14.97614,0,0,0,-1,0.5060006,0.3701563,4.006079,-15.18511,0,0,0,-1,0.5858569,0.2572518,3.762213,-15.79151,0,0,0,-1,0.8175971,0.3629351,3.907792,-13.81065,0,0,0,-1,0.06060317,0.2998462,4.181916,-13.68732,0,0,0,-1,0.0134689,0.1810503,4.20299,-13.76287,0,0,0,-1,0.0423403,0.1719187,3.85851,-14.16927,0,0,0,-1,0.19765,0.3212046,4.114708,-14.11895,0,0,0,-1,0.1784206,0.2101766,3.829288,-14.40124,0,0,0,-1,0.2862973,0.3338683,3.841137,-13.73629,0,0,0,-1,0.03218459,0.3287321,3.737479,-14.11824,0,0,0,-1,0.1781495,0.3736543,3.553724,-13.87964,0,0,0,-1,0.08696675,0.4532877,4.148343,-14.19255,0,0,0,-1,0.2065449,0.1956008,3.83141,-14.58052,0,0,0,-1,0.35481,0.3329482,4.027751,-14.48958,0,0,0,-1,0.3200567,0.2478605,3.72194,-14.82734,0,0,0,-1,0.4491334,0.3803888,3.403276,-13.82078,0,0,0,-1,0.06447195,0.5184857,3.130926,-13.80803,0,0,0,-1,0.05960015,0.6365128,2.374074,-14.03334,0,0,0,-1,0.1457024,0.9645054,2.471029,-14.09135,0,0,0,-1,0.1678731,0.9224887,2.292169,-14.47596,0,0,0,-1,0.314852,1.000001,4.294206,-15.43394,0,0,0,-1,0.6809515,0.1323889,4.254663,-15.27204,0,0,0,-1,0.6190777,0.1495255,4.212739,-14.99005,0,0,0,-1,0.5113135,0.1676937,4.088347,-14.94945,0,0,0,-1,0.4957992,0.2216007,4.266645,-15.16064,0,0,0,-1,0.5765073,0.1443325,4.505059,-15.18637,0,0,0,-1,0.5863383,0.04101204,4.349489,-15.80665,0,0,0,-1,0.8233836,0.1084301,4.428152,-15.6305,0,0,0,-1,0.7560679,0.07434151,4.580769,-15.72019,0,0,0,-1,0.7903414,0.008203283,4.479509,-15.48613,0,0,0,-1,0.7008947,0.05208492,4.049574,-15.98431,0,0,0,-1,0.8912773,0.2384034,3.178955,-15.23009,0,0,0,-1,0.6030467,0.6156988,3.694182,-16.02783,0,0,0,-1,0.90791,0.3924178,3.244843,-15.74807,0,0,0,-1,0.800995,0.5871456,3.358388,-15.50848,0,0,0,-1,0.7094348,0.5379386,3.429315,-16.26881,0,0,0,-1,1,0.5072016,3.362691,-16.21403,0,0,0,-1,0.979066,0.5360729,3.812359,-14.84739,0,0,0,-1,0.4567983,0.3412043,4.000975,-14.7277,0,0,0,-1,0.4110576,0.2594641,3.936748,-14.70466,0,0,0,-1,0.4022527,0.2872986],
"IBO":[
0,1,2,3,4,2,5,1,6,5,7,1,8,9,10,11,8,10,12,13,14,16,21,15,19,20,12,19,12,14,19,1,20,19,15,17,22,17,23,22,1,17,19,17,1,9,6,24,1,0,25,0,2,26,1,25,20,27,4,28,3,29,28,4,3,28,30,10,31,32,10,33,10,34,31,30,31,35,36,37,38,30,37,10,39,37,30,11,10,37,8,6,9,6,8,41,11,40,42,43,44,11,45,46,42,8,11,44,2,1,3,9,33,10,33,47,48,22,23,49,46,11,42,21,17,15,20,18,12,11,37,40,6,41,5,1,7,3]
}