{"VBO":[
-41.58088,3.590549,0,0,0,-1,0.05218981,0.1031147,-41.56594,3.413202,0,0,0,-1,1,0.01753813,-41.7319,3.505668,0,0,0,-1,0.5058298,0.9686305],
"IBO":[
0,1,2]
}