{"VBO":[
-44.67505,4.14492,0,0,0,-1,0.7734708,0.1642957,-44.78161,4.362424,0,0,0,-1,0.04771731,0.3217176,-44.56384,4.15468,0,0,0,-1,0.7409046,2.654413E-07,-45.07152,4.264339,0,0,0,-1,0.375,0.75,-45.04269,4.376724,0,0,0,-1,3.282304E-07,0.7074049,-44.56398,4.33358,0,0,0,-1,0.1439721,0.000203324,-45.12727,4.333147,0,0,0,-1,0.1454181,0.8323507,-45.21184,4.289564,0,0,0,-1,0.2908363,0.957302,-45.24075,4.149324,0,0,0,-1,0.7587796,1,-44.93608,4.077029,0,0,0,-1,1.000001,0.5499132],
"IBO":[
1,5,0,4,1,3,4,3,6,3,7,6,8,3,0,0,9,8,7,3,8,5,2,0,1,0,3]
}