{"VBO":[
-42.01049,4.497196,0,0,0,-1,1,0.9511974,-42.02008,4.608219,0,0,0,-1,4.76567E-06,0.9999959,-41.83382,4.5534,0,0,0,-1,0.4937465,0.05335674],
"IBO":[
0,1,2]
}