{"VBO":[
5.280271,-14.4454,0,0,0,-1,0.3714995,0.1975458,5.314176,-14.52273,0,0,0,-1,0.4422641,0.1698231,5.063237,-14.3297,0,0,0,-1,0.265625,0.375,4.366448,-14.46061,0,0,0,-1,0.3854145,0.9447089,4.36155,-14.37841,0,0,0,-1,0.3102045,0.948714,4.714841,-14.80363,0,0,0,-1,0.6992983,0.6598553,4.787431,-14.88577,0,0,0,-1,0.7744607,0.600503,4.641887,-14.24765,0,0,0,-1,0.1905494,0.7195036,4.859409,-14.15077,0,0,0,-1,0.101902,0.5416521,4.395642,-14.6975,0,0,0,-1,0.602187,0.9208397,5.116239,-14.91453,0,0,0,-1,0.8007756,0.331662,5.072048,-14.03941,0,0,0,-1,2.696291E-08,0.3677923,5.342841,-14.07305,0,0,0,-1,0.03078014,0.1463883,5.521883,-14.25665,0,0,0,-1,0.1987793,-5.304672E-08,5.434911,-14.33891,0,0,0,-1,0.2740539,0.07110752,4.429157,-14.26715,0,0,0,-1,0.2083967,0.893437,5.367645,-14.89016,0,0,0,-1,0.7784767,0.1261089,5.435195,-14.70638,0,0,0,-1,0.6103038,0.07087737,5.435315,-14.8611,0,0,0,-1,0.7518829,0.07077906,5.067988,-15.04511,0,0,0,-1,0.9202661,0.3711135,4.932671,-15.13225,0,0,0,-1,1,0.481752,4.463456,-14.87151,0,0,0,-1,0.7614123,0.8653933,4.352235,-14.83776,0,0,0,-1,0.730524,0.9563304,4.584381,-14.91977,0,0,0,-1,0.8055735,0.7665211,4.298822,-14.54769,0,0,0,-1,0.4650998,1,4.318334,-14.77009,0,0,0,-1,0.6686066,0.9840469,4.719914,-15.11791,0,0,0,-1,0.9868767,0.6557049,4.811685,-14.99213,0,0,0,-1,0.8717792,0.5806714,4.608685,-15.08898,0,0,0,-1,0.960409,0.7466488,4.67151,-15.04542,0,0,0,-1,0.9205456,0.6952826,5.497968,-14.59512,0,0,0,-1,0.5084998,0.01955356,5.497608,-14.13095,0,0,0,-1,0.08376247,0.01984587],
"IBO":[
0,1,2,3,4,5,6,5,2,8,2,7,9,3,5,10,2,1,0,2,12,13,0,12,13,14,0,11,2,8,5,4,7,16,10,17,17,18,16,19,6,2,19,20,6,10,19,2,21,22,9,5,23,9,3,9,24,25,9,22,20,26,27,28,29,26,1,30,17,10,1,17,13,12,31,27,6,20,23,21,9,26,29,27,2,5,7,2,11,12,4,15,7]
}