{"VBO":[
-43.94122,9.89784,0,0,0,-1,0.7529078,0.7859304,-44.17004,10.36931,0,0,0,-1,0.6176916,0.8558956,-43.68659,10.63503,0,0,0,-1,0.5414844,0.7080698,-41.79991,12.23736,0,0,0,-1,0.0819395,0.1311754,-42.44754,12.18375,0,0,0,-1,0.09731676,0.3292021,-41.71022,12.52304,0,0,0,-1,7.815766E-06,0.1037488,-42.62765,11.21295,0,0,0,-1,0.3757368,0.3842767,-42.7045,11.65272,0,0,0,-1,0.2496123,0.4077747,-41.7879,11.67184,0,0,0,-1,0.2441293,0.1275027,-43.16856,11.36496,0,0,0,-1,0.3321429,0.5496687,-43.31115,10.71173,0,0,0,-1,0.5194868,0.5932689,-43.56132,10.87445,0,0,0,-1,0.472818,0.6697651,-44.08924,10.70836,0,0,0,-1,0.5204523,0.8311896,-43.83005,10.96047,0,0,0,-1,0.4481484,0.7519366,-42.90301,10.64497,0,0,0,-1,0.5386346,0.4684718,-43.45462,9.610804,0,0,0,-1,0.8352281,0.6371395,-43.15228,9.36784,0,0,0,-1,0.9049098,0.5446924,-43.50606,9.41916,0,0,0,-1,0.8901919,0.6528679,-43.13494,9.014349,0,0,0,-1,1.00629,0.5393903,-43.8426,9.447843,0,0,0,-1,0.8819649,0.7557744,-44.37145,9.866224,0,0,0,-1,0.7619748,0.9174804,-43.60963,9.942311,0,0,0,-1,0.7401537,0.6845378,-44.44689,10.25393,0,0,0,-1,0.6507815,0.940549,-44.64132,9.889928,0,0,0,-1,0.7551758,1,-43.37984,10.40948,0,0,0,-1,0.6061697,0.6142747,-41.32591,12.12511,0,0,0,-1,0.1141319,-0.01376347,-43.22114,11.55791,0,0,0,-1,0.2768031,0.5657492],
"IBO":[
2,21,1,3,4,5,6,7,8,7,6,9,9,10,11,2,12,13,10,9,14,15,16,17,16,18,17,17,19,15,20,22,1,21,15,19,22,20,23,24,21,2,4,3,8,1,12,2,3,25,8,7,4,8,7,9,26,2,13,11,21,0,1,9,6,14,20,1,0,21,19,0]
}