{"VBO":[
26.83789,0.007699397,0,0,0,-1,0.1062416,0.476249,26.94913,0.04655946,0,0,0,-1,7.273626E-08,0.251794,27.00293,-0.1318594,0,0,0,-1,0.4877816,0.1432413,26.6592,-0.004240426,0,0,0,-1,0.1388832,0.8368233,26.602,-0.1661297,0,0,0,-1,0.5814715,0.9522284,26.57833,-0.07510996,0,0,0,-1,0.3326336,1.000001,27.06231,-0.2450128,0,0,0,-1,0.7971303,0.02341746,27.02865,-0.3192183,0,0,0,-1,1,0.09133636,26.80936,-0.1592259,0,0,0,-1,0.5626001,0.5338221,26.84487,-0.2906995,0,0,0,-1,0.9220325,0.4621774,27.07392,0.009567006,0,0,0,-1,0.1011346,-1.01933E-06],
"IBO":[
2,8,0,3,4,5,6,7,2,3,0,8,2,7,9,1,10,2,2,0,1,3,8,4,2,9,8]
}