{"VBO":[
18.50203,13.69221,0,0,0,-1,0.5718271,0.5318608,18.48686,13.54317,0,0,0,-1,0.9862261,0.5482157,18.30354,13.54866,0,0,0,-1,0.9709411,0.7458592,18.9002,13.8467,0,0,0,-1,0.1423247,0.1025917,18.9543,13.66173,0,0,0,-1,0.6565918,0.04426232,18.82309,13.88004,0,0,0,-1,0.04962001,0.1857253,18.74605,13.8106,0,0,0,-1,0.2426761,0.2687773,18.99536,13.73885,0,0,0,-1,0.4421766,0,18.81297,13.67704,0,0,0,-1,0.6140233,0.1966386,18.64337,13.67691,0,0,0,-1,0.61439,0.3794789,18.4711,13.82581,0,0,0,-1,0.2003979,0.5652116,18.52244,13.88752,0,0,0,-1,0.02882928,0.5098569,18.56363,13.79247,0,0,0,-1,0.2930735,0.4654534,18.28619,13.69205,0,0,0,-1,0.5722877,0.7645618,18.41975,13.7641,0,0,0,-1,0.3719735,0.6205688,18.72313,13.53821,0,0,0,-1,0.9999995,0.2934846,18.06781,13.6482,0,0,0,-1,0.6942066,0.9999996,18.12687,13.70477,0,0,0,-1,0.5369066,0.9363292,18.15268,13.55319,0,0,0,-1,0.9583548,0.9085011,18.64063,13.89789,0,0,0,-1,-5.419118E-07,0.3824322],
"IBO":[
2,14,1,3,4,5,4,8,5,4,3,7,8,15,9,10,11,12,0,14,10,2,13,14,0,9,1,13,18,17,2,18,13,11,19,12,14,0,1,8,6,5,8,9,6,0,10,12,9,15,1,18,16,17]
}