{"VBO":[
18.6106,16.61263,0,0,0,-1,0.3472222,0.3056235,18.41476,16.53869,0,0,0,-1,0.5847855,0.527128,18.45061,16.61326,0,0,0,-1,0.3452184,0.4865766,17.98432,16.42354,0,0,0,-1,0.9546888,1.013979,18.88573,16.56335,0,0,0,-1,0.505563,-0.005571545,18.20733,16.41352,0,0,0,-1,0.9868734,0.7617401,18.82246,16.71085,0,0,0,-1,0.03172409,0.06599223],
"IBO":[
0,1,2,1,3,2,4,1,0,3,1,5,4,0,6]
}