{"VBO":[
44.68381,-5.99602,0,0,0,-1,0.5625,0.5,44.71665,-5.923998,0,0,0,-1,0.0478187,0.233226,44.71458,-5.969783,0,0,0,-1,0.375,0.25,44.74536,-5.989727,0,0,0,-1,0.5175264,-4.29239E-06,44.64084,-5.993178,0,0,0,-1,0.5421866,0.8490679,44.64921,-5.917307,0,0,0,-1,1.529815E-06,0.7810627,44.62226,-5.945988,0,0,0,-1,0.20496,1,44.71169,-6.053816,0,0,0,-1,0.9755229,0.2734921,44.64257,-6.057242,0,0,0,-1,1.000002,0.8349699],
"IBO":[
0,1,2,2,1,3,4,5,0,5,4,6,8,0,7,8,4,0,0,2,3,5,1,0,0,3,7]
}