{"VBO":[
44.37791,-5.805358,0,0,0,-1,0.5424963,-0.01779685,44.15545,-5.858787,0,0,0,-1,0.8726661,0.9427657,44.22716,-5.718021,0,0,0,-1,0.002794035,0.6331344],
"IBO":[
0,1,2]
}