{"VBO":[
26.41278,-0.08015387,0,0,0,-1,1.074168,0.566744,26.33975,-0.02047014,0,0,0,-1,0.5894787,1,26.47758,0.03220933,0,0,0,-1,0.1616716,0.1823806],
"IBO":[
0,1,2]
}