{"VBO":[
6.517933,-7.726381,0,0,0,-1,6.591439E-07,0.1351491,6.553056,-7.796843,0,0,0,-1,0.1713197,-0.01861646,6.394761,-7.856065,0,0,0,-1,0.3153129,0.6744085,6.412843,-8.065643,0,0,0,-1,0.8248878,0.5952426,6.312308,-8.138083,0,0,0,-1,1.001018,1.035396,6.451274,-7.924293,0,0,0,-1,0.481203,0.4269816],
"IBO":[
0,1,2,3,4,5,1,5,2,4,2,5]
}