{"VBO":[
9.158975,-4.329136,0,0,0,-1,0.9047583,0.7646202,9.161561,-4.140847,0,0,0,-1,0,0.7471147,9.280422,-4.233796,0,0,0,-1,0.4466296,-0.05743694],
"IBO":[
0,1,2]
}