{"VBO":[
8.926435,-4.230527,0,0,0,-1,0.1075597,0.4889628,9.006703,-4.405819,0,0,0,-1,0.8592334,0.2698094,8.922395,-4.351196,0,0,0,-1,0.625,0.5,9.063787,-4.205443,0,0,0,-1,-1.870001E-07,0.1139607,9.103402,-4.294916,0,0,0,-1,0.3836638,0.005797359,9.105527,-4.351108,0,0,0,-1,0.6246249,1.980078E-06,8.776661,-4.338874,0,0,0,-1,0.5721619,0.8978841,8.947412,-4.438644,0,0,0,-1,0.999999,0.4316941,8.739262,-4.417994,0,0,0,-1,0.9114366,0.9999914],
"IBO":[
0,1,2,0,3,4,5,1,4,0,2,6,1,7,2,8,2,7,8,6,2,1,0,4]
}