{"VBO":[
8.813663,-4.590703,0,0,0,-1,0.25,0.5625,8.870458,-4.515715,0,0,0,-1,0.04527102,0.2451493,8.891305,-4.555245,0,0,0,-1,0.1531935,0.1286846,8.912148,-4.594772,0,0,0,-1,0.2611088,0.012223,8.858406,-4.739504,0,0,0,-1,0.65625,0.3125,8.914336,-4.732142,0,0,0,-1,0.6361504,3.867538E-06,8.78095,-4.499133,0,0,0,-1,1.096239E-06,0.7452896,8.739383,-4.580341,0,0,0,-1,0.221712,0.9775311,8.831182,-4.865411,0,0,0,-1,0.9999968,0.4646086,8.735364,-4.763502,0,0,0,-1,0.7217683,0.9999925],
"IBO":[
0,1,2,3,0,2,4,3,5,4,0,3,0,7,6,4,9,0,8,4,5,8,9,4,0,6,1,9,7,0]
}