{"VBO":[
9.456464,-4.94473,0,0,0,-1,1.060836,0.357007,9.368138,-4.819211,0,0,0,-1,0.3753684,1,9.47928,-4.777787,0,0,0,-1,0.1491554,0.190925],
"IBO":[
0,1,2]
}