{"VBO":[
12.43622,14.49143,0,0,0,-1,0.1143366,0.6794835,12.23526,14.38277,0,0,0,-1,0.5556586,0.9519478,12.20623,14.5139,0,0,0,-1,0.02307828,0.9912981,12.52922,14.31713,0,0,0,-1,0.8222619,0.553391,12.79088,14.41718,0,0,0,-1,0.4158895,0.198636,12.93099,14.3068,0,0,0,-1,0.8642499,0.008667771],
"IBO":[
0,1,2,3,1,0,3,4,5]
}