{"VBO":[
-9.012019,5.129709,0,0,0,-1,0.429563,0.1635423,-9.846541,6.527734,0,0,0,-1,0.06369153,0.5874789,-8.871539,6.490751,0,0,0,-1,0.07337014,0.09217803,-9.445304,3.977801,0,0,0,-1,0.7310244,0.3836506,-10.26381,4.971838,0,0,0,-1,0.4708787,0.7994506,-8.749995,5.94173,0,0,0,-1,0.2170521,0.03043586,-8.692904,5.663113,0,0,0,-1,0.2899677,0.001431515,-8.851626,6.138635,0,0,0,-1,0.1655208,0.08206321,-9.028699,4.111365,0,0,0,-1,0.6960697,0.1720149,-9.041713,4.932701,0,0,0,-1,0.4811215,0.1786286,-10.13883,3.326124,0,0,0,-1,0.9015722,0.7359606,-9.93016,3.660562,0,0,0,-1,0.8140475,0.6299576,-9.947867,3.397901,0,0,0,-1,0.8827875,0.6389521,-10.42001,4.143695,0,0,0,-1,0.6876085,0.8788024,-10.39036,4.394428,0,0,0,-1,0.6219904,0.8637385,-10.35466,4.537717,0,0,0,-1,0.5844906,0.8456001,-10.50375,4.364494,0,0,0,-1,0.6298242,0.9213422,-10.5156,4.2451,0,0,0,-1,0.6610704,0.9273603,-10.48598,4.549554,0,0,0,-1,0.5813926,0.9123173,-10.4649,2.96227,0,0,0,-1,0.9967942,0.9016078,-10.65641,3.787406,0,0,0,-1,0.780852,0.9988943,-10.6468,4.083829,0,0,0,-1,0.703276,0.9940099,-10.44901,4.010129,0,0,0,-1,0.7225638,0.8935348,-8.928164,4.753709,0,0,0,-1,0.5279644,0.1209433,-9.201479,6.761671,0,0,0,-1,0.002468735,0.2597874,-10.18629,2.950021,0,0,0,-1,1,0.7600727],
"IBO":[
0,4,1,3,15,4,5,6,7,0,7,6,8,3,9,10,11,12,10,22,11,3,14,15,14,3,13,16,14,13,17,16,13,15,18,4,19,20,10,21,22,20,8,9,23,0,2,7,2,1,24,3,0,9,13,3,11,20,22,10,19,10,25,0,1,2,3,4,0,22,13,11]
}