{"VBO":[
-4.648756,-21.40559,0,0,0,-1,0.1466109,0.04304793,-4.779887,-21.55004,0,0,0,-1,1,0.283043,-5.167349,-21.46593,0,0,0,-1,0.5031002,0.9921769],
"IBO":[
0,1,2]
}