{"VBO":[
21.69285,21.02807,0,0,0,-1,0.5600848,0.07814474,21.60447,21.21531,0,0,0,-1,-0.002355746,0.1544162,21.79399,21.16444,0,0,0,-1,0.1504253,-0.009147239,20.86687,20.886,0,0,0,-1,0.9868366,0.7910202,20.92418,20.99276,0,0,0,-1,0.6661464,0.7415543,20.63986,20.88162,0,0,0,-1,0.9999997,0.9869399,20.62473,20.91189,0,0,0,-1,0.9090909,1],
"IBO":[
0,1,2,1,3,4,0,3,1,5,6,4,3,5,4]
}