{"VBO":[
15.35945,20.71289,0,0,0,-1,0.9731108,0.642876,14.77401,20.95386,0,0,0,-1,0.716501,0.828934,16.11182,20.92366,0,0,0,-1,0.7486609,0.4037693,16.34281,21.55639,0,0,0,-1,0.07486816,0.3303607,17.03079,21.6267,0,0,0,-1,1.755312E-07,0.1117164,16.10093,21.50929,0,0,0,-1,0.1250229,0.4072312,17.38231,21.57648,0,0,0,-1,0.05347594,0,17.27801,21.40512,0,0,0,-1,0.235961,0.03314952,16.57306,21.30965,0,0,0,-1,0.3376225,0.2571847,16.34282,21.235,0,0,0,-1,0.4171123,0.3303564,14.70305,21.44354,0,0,0,-1,0.1950432,0.8514848,14.4141,21.0525,0,0,0,-1,0.6114594,0.9433154,14.34962,21.29875,0,0,0,-1,0.3492278,0.9638069,16.20724,21.11448,0,0,0,-1,0.545458,0.3734466,14.75567,21.01442,0,0,0,-1,0.6520128,0.8347635,15.98628,20.8182,0,0,0,-1,0.8609626,0.4436671,15.63477,20.77803,0,0,0,-1,0.9037398,0.5553784,14.23574,21.20052,0,0,0,-1,0.4538323,1,14.5099,20.78305,0,0,0,-1,0.8983957,0.912869,14.68566,20.68764,0,0,0,-1,0.9999998,0.857012,14.46162,20.93959,0,0,0,-1,0.7316937,0.9282125],
"IBO":[
0,1,2,3,4,5,4,6,7,5,4,7,8,5,7,9,5,8,10,11,12,5,9,13,1,14,13,15,16,2,13,14,11,12,11,17,18,0,19,1,0,18,1,18,20,10,5,13,1,13,2,13,11,10,2,16,0]
}