{"VBO":[
30.83664,-21.24806,0,0,0,-1,1.000002,0.2704176,30.64643,-21.17369,0,0,0,-1,0.750383,0.5606422,30.67709,-20.95012,0,0,0,-1,-4.88391E-06,0.5138527,30.35848,-20.96835,0,0,0,-1,0.06119238,1,30.47796,-20.96151,0,0,0,-1,0.03824524,0.8176945,30.43561,-21.03253,0,0,0,-1,0.2765972,0.8823047,30.86729,-21.01164,0,0,0,-1,0.2064886,0.2236487,31.01386,-21.15285,0,0,0,-1,0.6804452,1.116934E-07],
"IBO":[
2,6,1,3,4,5,1,5,2,6,7,0,6,0,1,5,4,2]
}