{"VBO":[
-35.32476,10.56117,0,0,0,-1,0.1812296,0.04121149,-35.40599,10.41071,0,0,0,-1,1,0.3581078,-35.584,10.55555,0,0,0,-1,0.2118136,1.052611],
"IBO":[
0,1,2]
}