{"VBO":[
-12.58892,5.312485,0,0,0,-1,0.06787215,0.1356894,-12.60693,5.137271,0,0,0,-1,1,0.2335253,-12.75076,5.208707,0,0,0,-1,0.6199594,1.015013],
"IBO":[
0,1,2]
}