{"VBO":[
-33.75337,-20.39637,0,0,0,-1,0.2094187,0.07204364,-34.36246,-20.38415,0,0,0,-1,0.1856439,0.3432449,-33.88349,-20.32351,0,0,0,-1,0.0676612,0.1299802,-35.4442,-20.41036,0,0,0,-1,0.2366357,0.8248969,-34.88904,-20.40993,0,0,0,-1,0.2358066,0.5777065,-35.01888,-20.71458,0,0,0,-1,0.8285015,0.6355169,-33.89589,-20.70103,0,0,0,-1,0.8021362,0.1355003,-34.74629,-20.41617,0,0,0,-1,0.2479374,0.5141445,-33.59462,-20.56438,0,0,0,-1,0.5362924,0.001361561,-35.70113,-20.4518,0,0,0,-1,0.3172632,0.9392943,-35.56775,-20.63252,0,0,0,-1,0.6688552,0.8799051,-34.03579,-20.28873,0,0,0,-1,0,0.1977915,-34.21977,-20.30156,0,0,0,-1,0.02496289,0.2797114,-34.67971,-20.35584,0,0,0,-1,0.1305726,0.4845049,-33.6092,-20.42059,0,0,0,-1,0.256534,0.007852025,-35.29831,-20.36267,0,0,0,-1,0.1438424,0.7599355,-34.91129,-20.35602,0,0,0,-1,0.1309198,0.5876149,-33.72712,-20.67875,0,0,0,-1,0.758809,0.06035668,-34.42583,-20.66551,0,0,0,-1,0.7330313,0.37146,-34.19725,-20.71712,0,0,0,-1,0.8334452,0.2696818,-33.93709,-20.75181,0,0,0,-1,0.9009461,0.1538458,-34.14007,-20.80273,0,0,0,-1,1,0.2442275,-35.83747,-20.53439,0,0,0,-1,0.4779311,1,-35.83739,-20.6359,0,0,0,-1,0.6754307,0.9999632,-34.8285,-20.77153,0,0,0,-1,0.9393116,0.5507479,-35.25364,-20.69572,0,0,0,-1,0.7918245,0.7400493,-35.39638,-20.71169,0,0,0,-1,0.822896,0.8036036],
"IBO":[
0,1,2,3,15,5,6,7,8,9,3,10,2,1,11,11,1,12,7,13,1,8,0,14,0,7,1,4,15,16,6,8,17,18,7,6,18,6,19,19,6,20,21,19,20,22,9,23,18,24,7,10,25,26,7,0,8,3,5,25,3,25,10,7,5,4,9,10,23,15,4,5,24,5,7]
}