{"VBO":[
-47.17347,-14.30545,0,0,0,-1,0.1897638,0.2329366,-46.95218,-14.33211,0,0,0,-1,0.3387579,0.02795682,-47.12984,-14.45047,0,0,0,-1,1,0.1925257],
"IBO":[
0,1,2]
}