{"VBO":[
-36.99339,-20.36672,0,0,0,-1,0.1788466,0.682633,-36.89573,-20.45457,0,0,0,-1,0.4919053,0.6153498,-37.02893,-20.49275,0,0,0,-1,0.6279229,0.7071278,-36.3294,-20.412,0,0,0,-1,0.3401949,0.2251854,-36.72435,-20.53692,0,0,0,-1,0.7853372,0.497287,-36.39812,-20.36626,0,0,0,-1,0.1772152,0.27253,-36.6833,-20.31653,0,0,0,-1,-2.389932E-07,0.4690023,-36.89351,-20.32502,0,0,0,-1,0.03024334,0.6138234,-37.45404,-20.46135,0,0,0,-1,0.5160453,1,-37.29866,-20.38509,0,0,0,-1,0.2443208,0.8929507,-37.17492,-20.41672,0,0,0,-1,0.3570202,0.8076949,-36.3588,-20.49125,0,0,0,-1,0.6226115,0.2454392,-36.19138,-20.56824,0,0,0,-1,0.8969292,0.1300988,-36.03591,-20.43675,0,0,0,-1,0.4283897,0.02298807,-36.44201,-20.56208,0,0,0,-1,0.8750026,0.3027615,-36.00254,-20.52206,0,0,0,-1,0.7323801,0,-36.0795,-20.58664,0,0,0,-1,0.9625066,0.05302112,-37.36834,-20.54376,0,0,0,-1,0.8097184,0.940948,-36.6799,-20.59716,0,0,0,-1,1.000001,0.4666586],
"IBO":[
0,1,2,3,4,5,5,4,6,0,7,6,10,17,9,2,10,0,11,3,12,3,13,12,11,14,4,12,15,16,10,2,17,4,1,6,4,3,11,13,15,12,14,18,4,17,8,9,1,0,6]
}