{"VBO":[
30.05042,-21.2521,0,0,0,-1,0.3816941,0.3752595,30.23876,-21.24084,0,0,0,-1,0.3571769,0.2610444,30.23404,-21.40041,0,0,0,-1,0.7045536,0.2639029,29.06388,-21.31911,0,0,0,-1,0.527567,0.9735526,29.44093,-21.20278,0,0,0,-1,0.2743036,0.7448879,29.26704,-21.42049,0,0,0,-1,0.7482774,0.8503494,29.81314,-21.07678,0,0,0,-1,-4.256249E-07,0.5191629,29.02027,-21.19827,0,0,0,-1,0.2644846,1,29.23301,-21.1836,0,0,0,-1,0.2325488,0.8709865,29.53273,-21.11567,0,0,0,-1,0.08467954,0.6892167,30.6692,-21.39524,0,0,0,-1,0.6932976,-3.640549E-07,30.46133,-21.44858,0,0,0,-1,0.8094346,0.1260632,30.57241,-21.29377,0,0,0,-1,0.4724099,0.05869359,30.10358,-21.51655,0,0,0,-1,0.9574011,0.3430204,29.80866,-21.53612,0,0,0,-1,0.9999986,0.5218807,29.64421,-21.47339,0,0,0,-1,0.8634341,0.6216071,29.38314,-21.50743,0,0,0,-1,0.9375552,0.779935],
"IBO":[
0,1,2,3,8,5,4,6,0,3,7,8,4,9,6,2,10,11,12,10,2,14,0,13,15,16,5,5,0,15,1,12,2,14,15,0,4,0,5,8,4,5,0,2,13]
}