{"VBO":[
-29.01509,2.376646,0,0,0,-1,0.1880166,1.004147,-27.7704,2.045543,0,0,0,-1,0.3409308,0.9219386,-30.32646,2.158292,0,0,0,-1,0.0269105,0.9499328,-26.18914,2.10727,0,0,0,-1,0.5351942,0.9372646,-27.45666,1.70858,0,0,0,-1,0.3794758,0.8382751,-25.23433,1.772103,0,0,0,-1,0.6524957,0.8540469,-26.40319,1.71609,0,0,0,-1,0.5088975,0.8401397,-23.3811,-0.4944636,0,0,0,-1,0.8801723,0.2912875,-22.34106,-1.628471,0,0,0,-1,1.007944,0.009728063,-23.34384,-1.303177,0,0,0,-1,0.8847494,0.09049431,-24.29314,0.8795112,0,0,0,-1,0.7681239,0.6324279,-25.57586,0.7624161,0,0,0,-1,0.6105382,0.6033546,-25.24426,1.379145,0,0,0,-1,0.6512756,0.7564805],
"IBO":[
0,1,2,3,4,1,5,6,3,3,6,4,1,0,3,7,8,9,10,11,12,10,12,5,12,6,5,10,7,9,11,10,9]
}