{"VBO":[
-44.80828,-14.1789,0,0,0,-1,0.5675235,0.465946,-44.75451,-13.979,0,0,0,-1,8.866884E-07,0.3606512,-44.66562,-14.0519,0,0,0,-1,0.2069551,0.186615,-45.0367,-14.16638,0,0,0,-1,0.5319935,0.9132257,-44.98286,-14.04897,0,0,0,-1,0.1986387,0.8077993,-44.57358,-14.10893,0,0,0,-1,0.3688745,0.006385551,-44.68454,-14.20418,0,0,0,-1,0.639308,0.2236532,-44.57032,-14.2263,0,0,0,-1,0.7021012,0,-44.60834,-14.2866,0,0,0,-1,0.8733115,0.07444753,-44.8843,-14.33123,0,0,0,-1,1,0.6148084,-45.08101,-14.29014,0,0,0,-1,0.8833456,0.9999978],
"IBO":[
0,1,2,3,4,0,0,2,6,7,8,6,5,7,6,0,9,3,9,10,3,4,1,0,2,5,6]
}