{"VBO":[
10.02602,-10.64728,0,0,0,-1,0.3376559,-0.06919591,9.869567,-10.71464,0,0,0,-1,0.8683915,0.898069,9.922821,-10.60443,0,0,0,-1,0,0.5688422],
"IBO":[
0,1,2]
}