{"VBO":[
-43.03333,-14.49851,0,0,0,-1,0.7623578,-3.852947E-06,-43.1307,-14.41271,0,0,0,-1,0.5,0.25,-43.06881,-14.39401,0,0,0,-1,0.4428127,0.09110294,-43.29651,-14.2492,0,0,0,-1,-1.456562E-06,0.6757104,-43.23915,-14.30142,0,0,0,-1,0.1596816,0.5284392,-43.42282,-14.41788,0,0,0,-1,0.5158218,1.000003,-43.1159,-14.53566,0,0,0,-1,0.8759672,0.2120194,-43.24737,-14.57622,0,0,0,-1,0.9999982,0.5495344],
"IBO":[
0,6,1,3,4,5,1,4,2,4,1,7,7,1,6,0,1,2,4,7,5]
}