{"VBO":[
-24.05584,-21.55891,0,0,0,-1,0.7520408,0.243582,-25.19225,-21.34704,0,0,0,-1,0.3646497,0.9019634,-24.41388,-21.23523,0,0,0,-1,0.1602176,0.4510158,-23.6354,-21.28298,0,0,0,-1,0.2475314,0,-23.80941,-21.34114,0,0,0,-1,0.353864,0.1008182,-23.64034,-21.1476,0,0,0,-1,7.807638E-09,0.002861577,-24.00292,-21.21074,0,0,0,-1,0.1154389,0.212926,-25.12462,-21.28413,0,0,0,-1,0.2496279,0.8627806,-23.94474,-21.42344,0,0,0,-1,0.5043455,0.1792158,-24.35552,-21.69452,0,0,0,-1,0.999999,0.4172003,-24.54417,-21.57862,0,0,0,-1,0.7880918,0.5264969,-25.36147,-21.36651,0,0,0,-1,0.4002505,1,-24.93104,-21.49672,0,0,0,-1,0.638344,0.7506323,-25.26465,-21.51632,0,0,0,-1,0.6741746,0.9439088,-24.63121,-21.55935,0,0,0,-1,0.7528495,0.5769291,-24.74235,-21.65614,0,0,0,-1,0.9298189,0.6413141],
"IBO":[
0,12,2,3,4,5,6,4,2,2,1,7,4,8,2,9,10,0,11,12,13,14,12,0,10,14,0,15,12,14,1,12,11,4,6,5,8,0,2,12,1,2]
}