{"VBO":[
19.01305,-4.54159,0,0,0,-1,0.9885866,0.2130353,18.90215,-4.450409,0,0,0,-1,0.6068785,1,19.0125,-4.319644,0,0,0,-1,0.05945948,0.2169955],
"IBO":[
0,1,2]
}