{"VBO":[
19.29399,-4.712508,0,0,0,-1,0.319606,0,19.19614,-4.830535,0,0,0,-1,0.9225196,0.6577871,19.16862,-4.649943,0,0,0,-1,0,0.8428387],
"IBO":[
0,1,2]
}