{"VBO":[
19.83927,21.44739,0,0,0,-1,0.2899078,0.3593051,19.18084,21.32654,0,0,0,-1,0.6204359,0.7163532,18.73625,21.42281,0,0,0,-1,0.357121,0.957437,20.49295,21.39581,0,0,0,-1,0.4309898,0.004832541,20.13267,21.34096,0,0,0,-1,0.5810006,0.2002039,19.20915,21.56989,0,0,0,-1,-0.04514187,0.7009974,19.00829,21.1912,0,0,0,-1,0.9905993,0.8099197,18.65887,21.20265,0,0,0,-1,0.9592988,0.9994007,20.47053,21.26303,0,0,0,-1,0.7941337,0.01699339],
"IBO":[
0,1,2,3,4,0,0,2,5,1,6,2,1,0,4,7,2,6,8,4,3]
}