{"VBO":[
-44.26257,-14.27047,0,0,0,-1,0.6960223,0,-44.43109,-14.30986,0,0,0,-1,0.9176348,0.8853423,-44.35324,-14.14423,0,0,0,-1,-0.01433566,0.4763222],
"IBO":[
0,1,2]
}