{"VBO":[
-2.938221,-21.55173,0,0,0,-1,0.5771145,0.6211565,-2.175563,-21.24592,0,0,0,-1,0.3602629,0.4615218,-2.283473,-21.88855,0,0,0,-1,0.8159532,0.4841092,-0.941215,-20.98895,0,0,0,-1,0.1780451,0.2031575,-1.050458,-21.7147,0,0,0,-1,0.6926775,0.2260234,-1.701285,-20.75422,0,0,0,-1,0.01159682,0.3622497,-1.842166,-20.95072,0,0,0,-1,0.1509371,0.3917382,-2.16169,-21.10771,0,0,0,-1,0.2622592,0.4586182,-0.7005724,-21.249,0,0,0,-1,0.3624452,0.1527877,0.0170237,-21.45574,0,0,0,-1,0.5090445,0.002585864,-0.1732963,-21.45908,0,0,0,-1,0.5114136,0.04242216,-0.1737945,-21.29273,0,0,0,-1,0.3934565,0.04252579,-2.495293,-21.32956,0,0,0,-1,0.4195682,0.5284458,-3.066819,-21.35544,0,0,0,-1,0.437923,0.6480741,-2.811959,-20.98886,0,0,0,-1,0.1779824,0.5947278,-2.789581,-21.29474,0,0,0,-1,0.394884,0.5900444,-3.926422,-21.03932,0,0,0,-1,0.2137622,0.8279995,-3.789781,-21.26077,0,0,0,-1,0.3707899,0.7993987,-0.09027802,-21.7137,0,0,0,-1,0.6919672,0.02504512,-2.643305,-21.84051,0,0,0,-1,0.7818852,0.5594267,-2.785578,-21.80322,0,0,0,-1,0.7554495,0.5892061,-1.465368,-21.79952,0,0,0,-1,0.7528235,0.3128689,-1.827587,-21.78808,0,0,0,-1,0.7447125,0.3886862,-3.077547,-21.86239,0,0,0,-1,0.7974055,0.6503189,-2.002132,-21.92074,0,0,0,-1,0.8387814,0.4252203,-2.957123,-22.03489,0,0,0,-1,0.9197264,0.6251126,-0.6017261,-21.81305,0,0,0,-1,0.7624141,0.1320975,-2.682449,-22.1481,0,0,0,-1,1,0.5676204,-4.091143,-21.58482,0,0,0,-1,0.6005797,0.8624777,-3.572716,-21.48392,0,0,0,-1,0.5290261,0.7539651,-3.440301,-21.81527,0,0,0,-1,0.763989,0.7262481,-4.025722,-21.90439,0,0,0,-1,0.8271863,0.8487841,-3.595883,-21.96972,0,0,0,-1,0.8735139,0.7588139,-4.389502,-21.75533,0,0,0,-1,0.7214881,0.9249288,-3.001095,-21.99192,0,0,0,-1,0.8892568,0.634317,-3.375015,-21.97552,0,0,0,-1,0.8776258,0.7125837,-4.767717,-21.74639,0,0,0,-1,0.715147,1.004094,-4.348001,-21.98224,0,0,0,-1,0.8823892,0.9162421],
"IBO":[
0,12,2,4,6,3,6,1,7,4,3,8,9,10,11,11,10,8,13,14,15,16,14,13,13,17,16,0,13,15,0,15,12,18,8,10,18,26,8,19,20,0,6,21,22,21,6,4,0,20,23,2,1,22,22,24,2,19,0,2,19,2,25,2,27,25,28,29,0,30,28,0,31,28,32,31,37,33,20,34,23,35,30,23,36,33,37,0,23,30,28,30,32,12,1,2,6,5,3,26,4,8,1,6,22,31,33,28]
}