{"VBO":[
46.96187,-14.60278,0,0,0,-1,0.04598931,0.6728468,46.78398,-14.72922,0,0,0,-1,0.421097,0.7879688,46.66915,-14.67662,0,0,0,-1,0.2650381,0.8622814,46.92626,-14.79881,0,0,0,-1,0.6275527,0.6958953,46.44352,-14.859,0,0,0,-1,0.8061059,1.008299,47.07902,-14.82611,0,0,0,-1,0.7085362,0.5970361,46.64437,-14.92436,0,0,0,-1,0.9999977,0.8783163],
"IBO":[
0,1,2,1,0,3,1,6,2,5,3,0,6,4,2]
}