{"VBO":[
-9.663342,-21.71185,0,0,0,-1,0.1303533,0.2761147,-9.773617,-22.01409,0,0,0,-1,0.6698526,0.3359686,-10.15705,-21.80067,0,0,0,-1,0.288898,0.5440741,-9.545363,-21.8002,0,0,0,-1,0.2880502,0.2120795,-9.221072,-21.84417,0,0,0,-1,0.3665342,0.03606884,-9.290989,-21.99022,0,0,0,-1,0.6272485,0.0740154,-10.40017,-21.85981,0,0,0,-1,0.3944639,0.6760332,-10.12001,-22.02172,0,0,0,-1,0.6834844,0.5239725,-10.97063,-21.66117,0,0,0,-1,0.03987582,0.9856502,-10.6581,-21.86001,0,0,0,-1,0.394817,0.816027,-10.36346,-21.69028,0,0,0,-1,0.09185117,0.6561049,-10.53299,-21.63883,0,0,0,-1,-2.923646E-07,0.7481211,-10.28946,-22.06607,0,0,0,-1,0.762638,0.6159412,-9.154616,-22.01361,0,0,0,-1,0.6690039,0,-10.7391,-21.95588,0,0,0,-1,0.5659407,0.8599851,-10.87165,-22.07389,0,0,0,-1,0.7766006,0.9319324,-10.99707,-21.90449,0,0,0,-1,0.4742122,0.9999992,-10.70206,-22.19904,0,0,0,-1,0.999999,0.8398837,-10.98957,-22.06661,0,0,0,-1,0.7636077,0.9959325],
"IBO":[
0,1,2,3,4,5,1,0,3,7,12,2,8,6,9,10,8,11,6,8,10,5,4,13,14,6,12,14,15,16,14,9,6,14,12,15,12,17,15,1,7,2,5,1,3,15,18,16,12,6,2]
}