{"VBO":[
45.95507,20.92208,0,0,0,-1,0.6904794,0.004972913,45.45423,21.16584,0,0,0,-1,0.01927526,0.5813203,45.81477,21.12431,0,0,0,-1,0.1336249,0.166428,45.07935,21.07124,0,0,0,-1,0.2797703,1.012715,45.9594,21.04098,0,0,0,-1,0.3630952,0,45.25163,20.99805,0,0,0,-1,0.4812928,0.8144675,45.43843,20.8248,0,0,0,-1,0.958333,0.5995035,45.8578,20.84859,0,0,0,-1,0.892858,0.1169168,45.64163,20.80968,0,0,0,-1,1.000001,0.3656726],
"IBO":[
0,1,2,3,1,0,4,0,2,5,3,0,5,0,6,7,8,0,0,8,6]
}