{"VBO":[
-34.79995,-19.96835,0,0,0,-1,0.2622578,0.4638984,-35.14264,-19.87027,0,0,0,-1,5.524184E-07,0.7639665,-34.82221,-19.91126,0,0,0,-1,0.1096149,0.4833828,-34.76813,-20.10156,0,0,0,-1,0.6184622,0.4360324,-35.30108,-20.10197,0,0,0,-1,0.6195592,0.9027001,-34.59646,-20.03055,0,0,0,-1,0.4285714,0.2857143,-34.65389,-20.14906,0,0,0,-1,0.7454685,0.335999,-34.58096,-20.10776,0,0,0,-1,0.6350432,0.2721374,-34.38427,-20.1203,0,0,0,-1,0.6685684,0.09990668,-34.48271,-19.98397,0,0,0,-1,0.3040184,0.1861063,-34.27017,-19.98063,0,0,0,-1,0.2950981,0,-34.31771,-20.04729,0,0,0,-1,0.4733324,0.04162354,-34.55561,-20.06968,0,0,0,-1,0.5331997,0.2499407,-35.35517,-19.89898,0,0,0,-1,0.07678077,0.950058,-35.4122,-19.98468,0,0,0,-1,0.3059312,0.9999998,-34.50789,-20.24094,0,0,0,-1,0.9911665,0.2081592,-34.6792,-20.24425,0,0,0,-1,0.9999993,0.3581542,-34.71102,-20.12531,0,0,0,-1,0.6819658,0.3860147,-34.36519,-20.17422,0,0,0,-1,0.8127353,0.08320517,-35.11389,-20.13038,0,0,0,-1,0.6955189,0.7387863],
"IBO":[
0,1,2,3,4,5,8,15,7,9,5,0,9,10,11,11,12,9,13,1,14,6,15,16,3,5,17,17,7,6,12,7,5,14,1,0,14,0,4,5,4,0,12,5,9,8,18,15,4,3,19,15,6,7,5,7,17]
}