{"VBO":[
-33.38196,-20.21778,0,0,0,-1,0.7556233,0.7902002,-33.38717,-20.115,0,0,0,-1,7.365342E-07,0.8065748,-33.28948,-20.166,0,0,0,-1,0.375,0.5,-33.19959,-20.12513,0,0,0,-1,0.07450478,0.2179219,-33.21896,-20.24312,0,0,0,-1,0.9419131,0.2787009,-33.44881,-20.15359,0,0,0,-1,0.2837092,0.9999936,-33.16866,-20.25102,0,0,0,-1,1,0.1208574,-33.13015,-20.21244,0,0,0,-1,0.7164135,0],
"IBO":[
0,1,2,2,1,3,3,7,4,1,0,5,6,4,7,2,4,0,3,4,2]
}