{"VBO":[
-32.23188,1.876163,0,0,0,-1,0.4149179,0.6217754,-32.12098,2.053899,0,0,0,-1,-9.110766E-07,0.3976029,-32.04796,1.839715,0,0,0,-1,0.5,0.25,-31.92428,2.031844,0,0,0,-1,0.05148394,-6.958167E-07,-31.93055,1.923986,0,0,0,-1,0.3032805,0.0126521,-32.08895,1.654212,0,0,0,-1,0.9330536,0.3328647,-31.98448,1.831807,0,0,0,-1,0.5184661,0.1216878,-32.25389,1.625535,0,0,0,-1,1.000001,0.666277,-32.41899,1.806231,0,0,0,-1,0.5781722,0.9999964],
"IBO":[
0,1,2,4,2,3,5,2,6,4,6,2,5,7,0,0,7,8,2,1,3,5,0,2]
}