{"VBO":[
20.79334,18.98217,0,0,0,-1,0.3138986,0.9999257,20.81741,19.11339,0,0,0,-1,0.1852906,0.9872576,21.2271,19.2865,0,0,0,-1,0.01563125,0.7716458,21.41792,18.83552,0,0,0,-1,0.457626,0.6712172,21.72215,18.27939,0,0,0,-1,1.002688,0.5111055,20.98991,18.628,0,0,0,-1,0.6610162,0.8964735,21.74772,18.71708,0,0,0,-1,0.5737189,0.4976515,22.55929,19.01927,0,0,0,-1,0.277542,0.07053428,22.35598,19.14438,0,0,0,-1,0.1549225,0.1775349,22.69902,19.11174,0,0,0,-1,0.1869114,-0.003001636,22.1466,19.23783,0,0,0,-1,0.06333481,0.287724,21.82153,19.19857,0,0,0,-1,0.1018095,0.4588098,22.12042,19.30402,0,0,0,-1,-0.001542147,0.3015057,22.06462,18.97682,0,0,0,-1,0.3191422,0.3308686,21.86971,19.03224,0,0,0,-1,0.2648305,0.4334471,21.7746,19.0906,0,0,0,-1,0.2076271,0.483504,21.54546,18.90902,0,0,0,-1,0.3855941,0.6040956,21.82865,18.90686,0,0,0,-1,0.3877111,0.4550602,21.92917,18.55001,0,0,0,-1,0.737451,0.4021563,22.11593,18.51892,0,0,0,-1,0.767925,0.3038695,22.07984,18.41021,0,0,0,-1,0.8744742,0.3228623,21.90863,18.3967,0,0,0,-1,0.8877119,0.4129693,21.76331,18.47017,0,0,0,-1,0.8157044,0.4894454,21.3332,18.30699,0,0,0,-1,0.9756379,0.7158085],
"IBO":[
0,1,2,3,0,2,4,23,6,7,8,9,10,11,12,2,12,11,7,13,8,8,13,14,15,2,11,16,15,14,13,16,14,16,3,2,16,2,15,16,13,17,20,21,18,21,22,18,22,21,4,3,6,0,4,6,22,5,0,6,23,5,6,20,18,19]
}