{"VBO":[
-12.78295,-21.87725,0,0,0,-1,0.2651304,0.6177383,-12.54964,-22.27285,0,0,0,-1,0.8610877,0.5327359,-13.39428,-22.16557,0,0,0,-1,0.6994738,0.840466,-12.40538,-21.84331,0,0,0,-1,0.2140076,0.4801777,-12.06233,-21.87278,0,0,0,-1,0.2583957,0.3551937,-12.40182,-21.73651,0,0,0,-1,0.05310312,0.4788815,-12.07418,-21.73963,0,0,0,-1,0.05781049,0.359511,-11.49086,-21.87438,0,0,0,-1,0.2608105,0.1469872,-11.33418,-21.79204,0,0,0,-1,0.1367578,0.08990337,-11.12347,-21.79701,0,0,0,-1,0.1442555,0.01313531,-11.08742,-21.89977,0,0,0,-1,0.2990525,-4.600634E-07,-11.3441,-21.94361,0,0,0,-1,0.3651018,0.09351872,-11.85058,-21.90549,0,0,0,-1,0.3076797,0.2780437,-11.894,-21.78257,0,0,0,-1,0.1225014,0.2938623,-12.12356,-22.2606,0,0,0,-1,0.8426338,0.3774996,-12.73999,-21.72839,0,0,0,-1,0.0408822,0.6020846,-13.18638,-21.82217,0,0,0,-1,0.1821519,0.7647197,-13.15103,-21.71008,0,0,0,-1,0.01330278,0.7518423,-12.79875,-21.70886,0,0,0,-1,0.01145044,0.6234933,-12.84717,-22.37648,0,0,0,-1,1.017198,0.6411368,-13.22671,-22.26781,0,0,0,-1,0.8534991,0.7794122,-13.75396,-21.9287,0,0,0,-1,0.3426316,0.9715077,-13.83216,-22.03267,0,0,0,-1,0.4992627,1,-13.71789,-22.12458,0,0,0,-1,0.6377209,0.9583661],
"IBO":[
1,20,0,0,3,1,4,3,6,7,8,9,10,11,9,12,7,11,4,13,12,12,14,4,12,11,14,3,0,15,16,17,0,17,18,0,1,3,14,1,19,20,21,16,22,2,23,16,0,2,16,23,22,16,20,2,0,3,5,6,11,7,9,3,4,14]
}