{"VBO":[
32.91983,-21.14941,0,0,0,-1,0.2579077,0.02946713,32.78495,-21.33334,0,0,0,-1,0.6071429,0.1428571,32.56762,-21.02913,0,0,0,-1,0.02952768,0.3255648,32.91353,-21.20335,0,0,0,-1,0.3603136,0.03476601,32.95488,-21.35241,0,0,0,-1,0.6433542,5.142756E-08,32.16472,-21.01358,0,0,0,-1,-2.354E-07,0.6642758,32.31764,-21.27221,0,0,0,-1,0.4910715,0.5357143,31.99665,-21.09302,0,0,0,-1,0.150832,0.8055693,32.10523,-21.30513,0,0,0,-1,0.5535715,0.7142857,31.79218,-21.29145,0,0,0,-1,0.5275968,0.9774556,31.81275,-21.22005,0,0,0,-1,0.3920392,0.9601665,31.98721,-21.19771,0,0,0,-1,0.3496203,0.8135029,32.78445,-21.45366,0,0,0,-1,0.8356024,0.14328,32.5513,-21.34274,0,0,0,-1,0.625,0.3392857,32.68219,-21.51441,0,0,0,-1,0.9509488,0.2292502,32.32684,-21.44489,0,0,0,-1,0.8189536,0.527985,32.2095,-21.49257,0,0,0,-1,0.9094767,0.6266291,31.77162,-21.36284,0,0,0,-1,0.6631549,0.9947438,32.09216,-21.54024,0,0,0,-1,1,0.7252731,32.84044,-21.0321,0,0,0,-1,0.03515208,0.09621594,31.76537,-21.48339,0,0,0,-1,0.892056,1],
"IBO":[
1,13,2,3,1,0,1,3,4,5,2,6,7,5,8,9,10,11,4,12,1,13,14,15,13,1,14,16,8,6,17,9,11,18,8,16,2,19,0,6,2,13,5,6,8,8,17,11,18,20,17,7,8,11,6,13,15,1,2,0,1,12,14,16,6,15,18,17,8]
}