{"VBO":[
-33.05622,1.283092,0,0,0,-1,0.8966538,0.7127604,-33.14405,1.38867,0,0,0,-1,0.6261453,0.947433,-33.02338,1.41351,0,0,0,-1,0.5625,0.625,-32.79598,1.633048,0,0,0,-1,2.42315E-06,0.01737812,-32.78947,1.426858,0,0,0,-1,0.5283006,-1.704949E-06,-33.01168,1.620193,0,0,0,-1,0.03293454,0.5937615,-33.10994,1.515427,0,0,0,-1,0.3013652,0.8563178,-33.12339,1.465457,0,0,0,-1,0.4294001,0.8922326,-32.8655,1.28404,0,0,0,-1,0.8942239,0.203139,-32.92257,1.242754,0,0,0,-1,1.000002,0.355623,-33.16372,1.315534,0,0,0,-1,0.8135301,1],
"IBO":[
0,10,1,4,2,5,6,2,7,2,8,9,7,2,1,2,9,0,4,8,2,6,5,2,0,1,2,4,5,3]
}