{"VBO":[
-46.82529,-14.37287,0,0,0,-1,1,0.9163481,-46.85753,-14.19184,0,0,0,-1,0.06383735,0.9857949,-46.41708,-14.26356,0,0,0,-1,0.4347233,0.03694227],
"IBO":[
0,1,2]
}