{"VBO":[
22.66997,18.89988,0,0,0,-1,0.2243577,0.4863653,22.64487,18.78154,0,0,0,-1,0.9693804,0.5164528,22.24825,18.77984,0,0,0,-1,0.9800644,0.9920508,22.95061,18.93823,0,0,0,-1,-0.01703588,0.1498386,23.0769,18.89795,0,0,0,-1,0.2365692,-0.001599762,22.24167,18.83447,0,0,0,-1,0.6361315,0.9999452,22.85715,18.83482,0,0,0,-1,0.6339286,0.2619048,23.028,18.84691,0,0,0,-1,0.5578104,0.05704505],
"IBO":[
2,5,1,0,3,4,6,1,0,7,6,0,0,4,7,5,0,1]
}