{"VBO":[
-44.68782,-19.39396,0,0,0,-1,0.3480324,0.02809021,-44.84956,-19.45752,0,0,0,-1,0.5985228,0.1584931,-45.00732,-19.36674,0,0,0,-1,0.2407781,0.2856986,-45.38386,-19.44158,0,0,0,-1,0.5357143,0.5892857,-45.33167,-19.55941,0,0,0,-1,1.000001,0.5472054,-45.65851,-19.39469,0,0,0,-1,0.3509384,0.8107269,-45.00734,-19.44159,0,0,0,-1,0.5357143,0.2857143,-44.90358,-19.34336,0,0,0,-1,0.148669,0.2020454,-44.87505,-19.30844,0,0,0,-1,0.01107758,0.1790454,-44.65298,-19.31779,0,0,0,-1,0.04790542,0,-45.05899,-19.37838,0,0,0,-1,0.2866455,0.3273528,-45.12244,-19.37525,0,0,0,-1,0.2743355,0.3785108,-45.43335,-19.34377,0,0,0,-1,0.1502751,0.6291873,-45.34456,-19.30563,0,0,0,-1,1.405096E-06,0.5575933,-44.99224,-19.54646,0,0,0,-1,0.9489704,0.2735365,-45.72826,-19.4931,0,0,0,-1,0.7386965,0.86696,-45.89327,-19.43929,0,0,0,-1,0.5266852,1.000002],
"IBO":[
0,1,2,3,4,5,3,10,4,9,0,8,7,0,2,10,2,6,11,12,13,12,11,5,11,3,5,3,11,10,14,6,1,4,15,16,4,6,14,1,6,2,4,16,5,10,6,4,0,7,8]
}