{"VBO":[
32.17009,-20.58108,0,0,0,-1,0.4849614,0.5559278,31.85412,-20.59506,0,0,0,-1,0.5017908,0.6507354,31.60754,-20.3787,0,0,0,-1,0.241333,0.724722,34.0105,-20.53003,0,0,0,-1,0.4234976,0.003712771,33.31988,-20.91659,0,0,0,-1,0.8888626,0.2109348,33.10909,-20.47818,0,0,0,-1,0.3610852,0.2741831,32.88596,-20.81758,0,0,0,-1,0.769673,0.341132,32.94847,-20.4313,0,0,0,-1,0.3046551,0.3223737,30.6901,-20.59082,0,0,0,-1,0.496682,1,31.4493,-20.72775,0,0,0,-1,0.6615299,0.7722016,32.98355,-20.21196,0,0,0,-1,0.04059538,0.3118486,33.12214,-20.33508,0,0,0,-1,0.188813,0.2702677,32.43781,-20.17666,0,0,0,-1,-0.001899958,0.4755999,33.64172,-20.47385,0,0,0,-1,0.3558758,0.1143666,34.02287,-20.43809,0,0,0,-1,0.3128192,0,33.29705,-20.45062,0,0,0,-1,0.3279061,0.2177833,33.47846,-20.35055,0,0,0,-1,0.2074396,0.1633523,33.20841,-20.3657,0,0,0,-1,0.2256809,0.2443796,32.09543,-20.29937,0,0,0,-1,0.1458305,0.5783296,32.39128,-20.75396,0,0,0,-1,0.6930815,0.4895595,32.89779,-20.94259,0,0,0,-1,0.92016,0.3375821,31.93482,-20.73733,0,0,0,-1,0.6730629,0.6265225,30.73646,-20.72954,0,0,0,-1,0.6636806,0.9860904,32.07887,-20.83738,0,0,0,-1,0.7935017,0.5833002,32.08806,-20.73878,0,0,0,-1,0.6748022,0.5805411,31.66172,-21.00891,0,0,0,-1,1,0.708465,30.84036,-20.36286,0,0,0,-1,0.2222572,0.9549153],
"IBO":[
2,18,1,5,15,4,5,6,7,8,26,9,10,11,12,11,7,12,3,13,14,15,13,3,13,15,16,17,15,5,12,0,18,12,7,6,19,0,6,20,6,4,21,9,1,9,22,8,23,21,24,23,25,21,1,26,2,4,6,5,18,0,1,15,3,4,26,1,9,12,6,0,25,9,21]
}