{"VBO":[
-33.18188,-20.59238,0,0,0,-1,0.5700614,-0.04423803,-33.39903,-20.64391,0,0,0,-1,0.8560482,0.8501239,-33.36192,-20.47653,0,0,0,-1,-0.07289659,0.6972719],
"IBO":[
0,1,2]
}