{"VBO":[
-36.66974,-20.89672,0,0,0,-1,0.4372251,0.05985274,-37.23219,-21.01655,0,0,0,-1,0.9530966,0.9686767,-37.16468,-20.81967,0,0,0,-1,0.1055161,0.8595768],
"IBO":[
0,1,2]
}