{"VBO":[
-47.65899,-17.26156,0,0,0,-1,0.02642108,0.62485,-47.40454,-17.25903,0,0,0,-1,0.01366641,0.3462052,-47.41229,-17.4161,0,0,0,-1,0.8056146,0.3547031,-47.85713,-17.40677,0,0,0,-1,0.7585826,0.841811,-47.82338,-17.27136,0,0,0,-1,0.0758197,0.8048535,-47.08837,-17.3675,0,0,0,-1,0.5605648,0,-47.24303,-17.45465,0,0,0,-1,0.9999961,0.1693541,-47.13198,-17.25632,0,0,0,-1,-2.863533E-06,0.04774686,-47.9636,-17.28114,0,0,0,-1,0.1251246,0.9583945],
"IBO":[
0,1,2,3,4,0,5,6,7,2,1,6,3,0,2,3,8,4,1,7,6]
}