{"VBO":[
9.561112,-10.51905,0,0,0,-1,1,0.2590669,9.298164,-10.46783,0,0,0,-1,0.7166299,1.026549,9.599152,-10.34994,0,0,0,-1,0.06447946,0.1480304],
"IBO":[
0,1,2]
}