{"VBO":[
22.72594,-5.842427,0,0,0,-1,0.2787568,0.8616619,22.70472,-5.590527,0,0,0,-1,0.005771626,0.868774,23.27882,-5.842923,0,0,0,-1,0.2792937,0.6763538,23.67228,-6.290873,0,0,0,-1,0.7647402,0.5444771,23.64796,-6.037328,0,0,0,-1,0.4899716,0.5526277,23.83192,-6.406792,0,0,0,-1,0.8903625,0.4909679,23.54725,-5.721423,0,0,0,-1,0.1476235,0.5863839,22.2971,-5.724291,0,0,0,-1,0.1507315,1.005396,23.02416,-6.01577,0,0,0,-1,0.4666103,0.7617065,22.85978,-6.035239,0,0,0,-1,0.4877067,0.8168015,23.46433,-6.337831,0,0,0,-1,0.8156285,0.6141741,25.05473,-6.412902,0,0,0,-1,0.8969833,0.08112055,24.9681,-6.309218,0,0,0,-1,0.784619,0.110155,25.05985,-6.154423,0,0,0,-1,0.6168681,0.07940372,24.42954,-6.513676,0,0,0,-1,1.006191,0.2906644,24.41824,-6.377684,0,0,0,-1,0.8588175,0.2944504,24.52283,-6.199024,0,0,0,-1,0.665204,0.2593973,23.27188,-5.612355,0,0,0,-1,0.02942629,0.6786797,25.20818,-6.124524,0,0,0,-1,0.5844667,0.02968849],
"IBO":[
1,17,0,3,4,5,2,6,4,7,1,0,8,0,2,0,8,9,4,10,2,11,12,13,15,12,14,3,10,4,5,15,14,15,4,16,5,4,15,10,8,2,11,13,18,17,2,0,12,11,14]
}