{"VBO":[
-6.177789,-9.747955,0,0,0,-1,0.4070175,0,-6.481723,-9.683855,0,0,0,-1,-0.04772616,0.1553025,-5.943271,-9.310331,0,0,0,-1,0.7579005,1.06028,-5.787996,-9.570482,0,0,0,-1,0.990222,0.4299841],
"IBO":[
0,1,2,2,3,0]
}