{"VBO":[
22.44157,-6.226757,0,0,0,-1,0.1553377,0.09377938,22.4339,-6.313038,0,0,0,-1,0.5886928,0.1343544,22.32655,-6.237906,0,0,0,-1,0.2113342,0.7017977,22.38513,-6.195828,0,0,0,-1,0,0.3920969,22.27013,-6.236844,0,0,0,-1,0.2060052,0.9999977,22.35317,-6.339648,0,0,0,-1,0.7223427,0.5610662,22.38308,-6.39493,0,0,0,-1,0.9999989,0.4029811,22.43395,-6.390467,0,0,0,-1,0.9775842,0.1340472,22.27794,-6.317584,0,0,0,-1,0.6115227,0.9587467,22.45931,-6.284261,0,0,0,-1,0.4441588,-5.955429E-08],
"IBO":[
0,1,2,3,0,2,4,2,5,5,1,7,8,4,5,1,0,9,2,1,5,5,7,6]
}