{"VBO":[
23.31301,-7.294933,0,0,0,-1,0.3372792,0.6880565,23.28587,-7.176316,0,0,0,-1,-1.399929E-06,0.7370886,23.37539,-7.215794,0,0,0,-1,0.1122513,0.5753973,23.68144,-7.332113,0,0,0,-1,0.4430008,0.02266408,23.64194,-7.394583,0,0,0,-1,0.6206317,0.09399742,23.48372,-7.338509,0,0,0,-1,0.4611878,0.3797562,23.69399,-7.411194,0,0,0,-1,0.6678638,-2.736816E-08,23.21939,-7.251678,0,0,0,-1,0.2142857,0.8571429,23.16935,-7.226359,0,0,0,-1,0.142292,0.9475217,23.30891,-7.367784,0,0,0,-1,0.5444275,0.6954741,23.21939,-7.37728,0,0,0,-1,0.5714286,0.8571429,23.14029,-7.332528,0,0,0,-1,0.4441798,0.9999995,23.37759,-7.44008,0,0,0,-1,0.75,0.5714286,23.38595,-7.411433,0,0,0,-1,0.6685383,0.5563296,23.50464,-7.477943,0,0,0,-1,0.8576592,0.3419678,23.57604,-7.459157,0,0,0,-1,0.8042423,0.213021,23.36731,-7.528002,0,0,0,-1,0.9999993,0.5899956,23.15081,-7.478217,0,0,0,-1,0.8584383,0.9810022,23.63158,-7.444544,0,0,0,-1,0.7626951,0.1127233],
"IBO":[
0,1,2,3,4,5,6,4,3,1,7,8,9,7,0,9,10,7,8,7,11,7,10,11,5,14,13,5,4,15,5,15,14,16,12,14,12,9,13,9,12,10,12,16,10,4,18,15,17,11,10,7,1,0,14,12,13,16,17,10]
}