{"VBO":[
22.49893,-6.695583,0,0,0,-1,0.4375,0.375,22.53474,-6.663751,0,0,0,-1,0.03359977,0.1251398,22.55267,-6.687031,0,0,0,-1,0.3289773,9.308424E-08,22.52225,-6.739916,0,0,0,-1,1.000003,0.2122545,22.48277,-6.661101,0,0,0,-1,0,0.4877239,22.45002,-6.676248,0,0,0,-1,0.1921549,0.7161979,22.42455,-6.688025,0,0,0,-1,0.3416088,0.8938999,22.48551,-6.733672,0,0,0,-1,0.9207653,0.4685774,22.40935,-6.719397,0,0,0,-1,0.7396386,0.9999971],
"IBO":[
0,1,2,3,0,2,1,0,4,5,0,6,8,6,7,7,0,3,0,5,4,6,0,7]
}