{"VBO":[
22.1114,-6.274745,0,0,0,-1,0.9962807,0.2293644,22.0117,-6.243371,0,0,0,-1,0.4404299,0.9814312,22.14255,-6.219648,0,0,0,-1,0.02012724,-0.005579252],
"IBO":[
0,1,2]
}