{"VBO":[
21.96575,-6.054451,0,0,0,-1,-5.255672E-06,0.04713617,21.90542,-6.09896,0,0,0,-1,0.5625,0.5,21.87418,-6.071174,0,0,0,-1,0.2113219,0.7344769,21.97203,-6.102319,0,0,0,-1,0.6049306,-3.940118E-06,21.92002,-6.133579,0,0,0,-1,1.000007,0.3904063,21.87837,-6.114878,0,0,0,-1,0.7636681,0.7029684,21.8388,-6.081609,0,0,0,-1,0.343194,1.000003,21.84715,-6.108659,0,0,0,-1,0.6850606,0.9373533],
"IBO":[
0,1,2,4,1,3,5,7,2,5,2,1,5,1,4,1,0,3,7,6,2]
}