{"VBO":[
21.73309,-6.141253,0,0,0,-1,1.051628,0.2002924,21.64087,-6.080323,0,0,0,-1,0.1404865,1.013698,21.75576,-6.08041,0,0,0,-1,0.1417821,0.0003058187],
"IBO":[
0,1,2]
}