{"VBO":[
0.468983,-10.51618,0,0,0,-1,0.8627841,1.011213,0.4901818,-11.10911,0,0,0,-1,0.9098815,0.3713712,0.05904334,-10.78281,0,0,0,-1,-0.04798136,0.7234889,0.2039598,-11.36738,0,0,0,-1,0.2739803,0.0926668],
"IBO":[
0,1,2,1,3,2]
}