{"VBO":[
-34.91945,-11.64915,0,0,0,-1,0.2710649,0.2691625,-35.59678,-12.05613,0,0,0,-1,0.627107,0.536579,-35.39806,-11.72205,0,0,0,-1,0.3348373,0.4581235,-34.66173,-11.87181,0,0,0,-1,0.4658564,0.1674144,-34.25235,-11.4504,0,0,0,-1,0.09718592,0.005788492,-34.23769,-11.65346,0,0,0,-1,0.2748362,0,-34.42419,-11.3551,0,0,0,-1,0.01381088,0.07363582,-34.60035,-11.61023,0,0,0,-1,0.2370104,0.1431834,-34.76598,-11.4452,0,0,0,-1,0.09263315,0.2085726,-34.44552,-11.75033,0,0,0,-1,0.3595762,0.08205492,-34.46475,-11.89539,0,0,0,-1,0.4864893,0.08964661,-35.22759,-11.49735,0,0,0,-1,0.1382582,0.3908208,-35.83128,-12.06446,0,0,0,-1,0.6343995,0.629164,-35.97454,-11.8311,0,0,0,-1,0.4302388,0.6857242,-35.69218,-12.15164,0,0,0,-1,0.710668,0.5742448,-34.81261,-12.23894,0,0,0,-1,0.7870454,0.2269859,-34.76409,-12.47584,0,0,0,-1,0.9942914,0.2078245,-36.30233,-12.3721,0,0,0,-1,0.9035391,0.8151376,-36.51455,-12.2596,0,0,0,-1,0.8051193,0.8989257,-36.75775,-12.46577,0,0,0,-1,0.9854877,0.9949391],
"IBO":[
0,1,2,3,15,0,4,5,6,6,7,8,3,9,10,0,7,3,7,9,3,7,6,5,2,11,0,1,12,13,1,14,12,2,1,13,1,15,16,12,17,18,19,18,17,15,1,0,7,5,9]
}