{"VBO":[
-28.29992,-2.573401,0,0,0,-1,0.2505501,0.07971337,-28.32143,-2.339671,0,0,0,-1,0.02055267,0.1034964,-28.22779,-2.318786,0,0,0,-1,1.920943E-06,5.938198E-07,-28.4424,-2.512964,0,0,0,-1,0.1910779,0.2371939,-28.85247,-3.104928,0,0,0,-1,0.7735873,0.6903844,-28.75335,-2.707133,0,0,0,-1,0.3821453,0.5808432,-28.94328,-2.966635,0,0,0,-1,0.6375048,0.7907454,-29.09105,-2.968833,0,0,0,-1,0.6396652,0.9540664,-29.00559,-3.133193,0,0,0,-1,0.801401,0.8596122,-28.99498,-3.294255,0,0,0,-1,0.9598902,0.8478876,-28.91594,-3.335015,0,0,0,-1,1,0.7605283,-29.13262,-3.050036,0,0,0,-1,0.7195722,0.9999995],
"IBO":[
0,1,2,1,0,3,3,0,4,5,4,6,8,11,7,4,9,8,4,10,9,3,4,5,8,6,4,8,7,6]
}