{"VBO":[
-29.08926,-3.617528,0,0,0,-1,1.066628,0.2669191,-29.27577,-3.436631,0,0,0,-1,0.2080141,1,-29.03835,-3.416147,0,0,0,-1,0.1107856,0.06682449],
"IBO":[
0,1,2]
}