{"VBO":[
-29.51183,-6.241295,0,0,0,-1,0.1960358,0.7715868,-29.17525,-6.197355,0,0,0,-1,0.1530676,0.2950836,-29.25693,-6.524746,0,0,0,-1,0.4732143,0.4107143,-29.57226,-6.698226,0,0,0,-1,0.6428572,0.8571429,-29.59396,-6.413582,0,0,0,-1,0.3645088,0.8878565,-29.47136,-6.479094,0,0,0,-1,0.4285714,0.7142857,-28.96682,-6.58006,0,0,0,-1,0.5273044,4.617917E-07,-29.067,-6.636671,0,0,0,-1,0.5826629,0.1418207,-29.07999,-6.443956,0,0,0,-1,0.3942109,0.1602185,-29.11605,-6.323218,0,0,0,-1,0.2761459,0.2112729,-29.45289,-6.040823,0,0,0,-1,2.929606E-07,0.688144,-29.55288,-6.327406,0,0,0,-1,0.2802429,0.8297054,-29.66062,-6.567746,0,0,0,-1,0.5152633,0.9822333,-29.13243,-6.742072,0,0,0,-1,0.6857301,0.234465,-29.19788,-6.847473,0,0,0,-1,0.7888014,0.327116,-29.64494,-6.91205,0,0,0,-1,0.8519474,0.9600304,-29.60628,-7.053353,0,0,0,-1,0.9901248,0.9053115,-29.67317,-6.955761,0,0,0,-1,0.8946922,1,-29.37245,-7.063452,0,0,0,-1,1,0.5742531,-29.26016,-6.050954,0,0,0,-1,0.009906015,0.4152908],
"IBO":[
2,5,0,3,12,5,6,7,8,2,9,8,7,2,8,1,0,10,11,5,4,5,11,0,13,2,7,13,14,2,12,3,15,16,17,15,16,15,18,5,2,3,14,18,3,9,2,1,1,10,19,2,0,1,12,4,5,2,14,3,18,15,3]
}