{"VBO":[
-31.33464,0.8601012,0,0,0,-1,0,0.2825758,-31.40862,0.6647074,0,0,0,-1,0.5714285,0.3571429,-31.43472,0.6775826,0,0,0,-1,0.5337748,0.3834563,-31.07756,0.7035537,0,0,0,-1,0.4578231,0.02342614,-31.16497,0.7497401,0,0,0,-1,0.3227529,0.111532,-31.83376,0.6891313,0,0,0,-1,0.5,0.7857143,-32.04634,0.7516316,0,0,0,-1,0.3172188,1,-32.04384,0.8492751,0,0,0,-1,0.03165557,0.997485,-31.78945,0.844333,0,0,0,-1,0.04611417,0.7410435,-31.76622,0.718444,0,0,0,-1,0.4142783,0.7176353,-31.91777,0.6540777,0,0,0,-1,0.6025138,0.8704022,-31.6197,0.6388984,0,0,0,-1,0.6469106,0.5699257,-31.05433,0.5571081,0,0,0,-1,0.8861086,9.79657E-08,-31.19305,0.5210262,0,0,0,-1,0.9916261,0.1398433,-31.48104,0.5188577,0,0,0,-1,0.9979684,0.4301415,-31.57336,0.5181631,0,0,0,-1,0.9999995,0.5232122,-31.82006,0.5436708,0,0,0,-1,0.9254067,0.7718944,-31.1856,0.8370897,0,0,0,-1,0.06729532,0.1323275],
"IBO":[
0,1,2,3,13,4,7,8,5,5,8,9,6,5,10,1,11,2,12,13,3,1,13,14,15,11,14,11,15,5,11,5,9,10,5,15,10,15,16,1,0,4,13,1,4,7,5,6,11,1,14,0,17,4]
}