{"VBO":[
-36.84642,1.204577,0,0,0,-1,0.5061456,0.3250852,-37.1689,1.198989,0,0,0,-1,0.5139027,0.5792478,-36.73867,1.328382,0,0,0,-1,0.3343264,0.2401498,-36.57697,1.183457,0,0,0,-1,0.5354584,0.1127027,-36.45945,1.261976,0,0,0,-1,0.4264837,0.02007594,-36.99443,1.570601,0,0,0,-1,-0.001838082,0.4417373,-37.27486,1.470735,0,0,0,-1,0.1367606,0.6627697,-37.05257,1.13463,0,0,0,-1,0.6032238,0.4875649,-36.91616,1.125215,0,0,0,-1,0.6162865,0.3800445,-36.43398,1.14145,0,0,0,-1,0.5937582,0,-37.3666,1.080458,0,0,0,-1,0.6784039,0.7350678,-37.69975,1.165849,0,0,0,-1,0.5598952,0.9976597,-37.55358,0.8487334,0,0,0,-1,1.000001,0.8824481,-37.69329,1.016759,0,0,0,-1,0.7668073,0.9925663,-37.44572,0.8519914,0,0,0,-1,0.9954818,0.7974384,-36.77679,1.407662,0,0,0,-1,0.2242953,0.2702004,-37.60154,1.334063,0,0,0,-1,0.3264403,0.9202452,-37.70272,0.9057224,0,0,0,-1,0.9209103,0.9999999],
"IBO":[
0,1,2,3,2,4,5,1,6,0,7,1,3,0,2,0,8,7,9,3,4,11,6,10,12,13,10,14,12,10,1,5,15,1,15,2,16,6,11,12,17,13,6,1,10,13,11,10]
}