{"VBO":[
-30.54695,0.299785,0,0,0,-1,0.5524252,0.6074257,-30.79695,0.2054624,0,0,0,-1,0.8489501,1.002503,-30.6144,0.4340053,0,0,0,-1,0.1304805,0.7140078,-30.28129,0.3239493,0,0,0,-1,0.4764604,0.1876073,-30.16641,0.2229094,0,0,0,-1,0.7941001,0.006062624,-30.31655,0.157414,0,0,0,-1,1,0.2433171,-30.55593,0.1822066,0,0,0,-1,0.922061,0.6216052,-30.77261,0.4755104,0,0,0,-1,-3.360979E-06,0.9640343],
"IBO":[
1,7,0,3,4,5,6,1,0,0,3,5,7,2,0]
}