{"VBO":[
-31.36158,-0.9562879,0,0,0,-1,1,0.6280161,-31.40962,-0.3726182,0,0,0,-1,0.5295022,0.6975134,-31.13927,-0.7911439,0,0,0,-1,0.8668765,0.3063473,-30.98949,-0.6848823,0,0,0,-1,0.7812185,0.08962506,-30.97351,-0.4117765,0,0,0,-1,0.5610673,0.06650991,-31.47914,-0.7216277,0,0,0,-1,0.8108397,0.7981123,-31.52681,-0.5947709,0,0,0,-1,0.7085801,0.8671019,-30.96723,0.1372714,0,0,0,-1,0.118478,0.05740996,-30.98381,0.04151678,0,0,0,-1,0.1956669,0.08140299,-31.01516,0.2267296,0,0,0,-1,0.04636444,0.126773,-31.16893,0.1573423,0,0,0,-1,0.1022988,0.3492527,-31.15316,0.2842479,0,0,0,-1,0,0.326446,-30.92955,-0.143683,0,0,0,-1,0.344956,0.002888782,-30.92755,-0.03336954,0,0,0,-1,0.256032,0,-31.02733,-0.1853852,0,0,0,-1,0.3785725,0.1443866,-31.06057,-0.2686639,0,0,0,-1,0.4457041,0.1924756,-31.24829,0.236589,0,0,0,-1,0.03841721,0.4640966,-31.30844,0.07158203,0,0,0,-1,0.1714298,0.5511189,-31.16253,0.09073018,0,0,0,-1,0.155996,0.3399971,-31.28773,-0.1426609,0,0,0,-1,0.3441325,0.5211632,-31.34948,-0.19175,0,0,0,-1,0.3837039,0.6105037,-31.48268,-0.2362655,0,0,0,-1,0.419587,0.8032385,-31.5713,-0.50598,0,0,0,-1,0.6370056,0.9314625,-31.48569,-0.4488129,0,0,0,-1,0.5909227,0.8075932,-31.57096,-0.9469303,0,0,0,-1,0.9924583,0.9309744,-31.61867,-0.7883521,0,0,0,-1,0.864628,1.000005,-31.14131,-0.839019,0,0,0,-1,0.9054695,0.3092921],
"IBO":[
0,23,2,3,2,4,5,6,0,7,8,9,9,10,11,12,8,13,14,8,12,15,18,14,14,10,8,11,10,16,17,18,19,2,19,18,1,20,2,19,2,20,21,20,1,6,22,23,24,5,0,24,25,5,10,9,8,0,2,26,2,18,15,2,15,4,6,23,0,23,1,2,18,10,14]
}