{"VBO":[
-30.77267,0.7004018,0,0,0,-1,0.4375,0.5,-30.6634,0.7677874,0,0,0,-1,0.1902753,0.2131818,-30.5822,0.7074938,0,0,0,-1,0.4114786,-4.644661E-06,-30.7592,0.8155894,0,0,0,-1,0.01490201,0.4646155,-30.89032,0.8196508,0,0,0,-1,-4.716881E-07,0.8088267,-30.92353,0.6947427,0,0,0,-1,0.4582609,0.8959872,-30.96315,0.796701,0,0,0,-1,0.08420056,0.9999982,-30.65496,0.5950459,0,0,0,-1,0.8240299,0.1909869,-30.77564,0.5470821,0,0,0,-1,0.999999,0.5077816,-30.91721,0.5969253,0,0,0,-1,0.817135,0.8794091],
"IBO":[
2,7,1,0,3,1,4,5,6,7,8,0,4,0,5,9,0,8,0,4,3,7,0,1,0,9,5]
}