{"VBO":[
-31.83403,0.285645,0,0,0,-1,0.5625,0.75,-31.89392,0.3312479,0,0,0,-1,0.3106184,0.9632,-31.83984,0.3874829,0,0,0,-1,-2.477055E-06,0.770727,-31.76379,0.285645,0,0,0,-1,0.5625,0.5,-31.67541,0.3772019,0,0,0,-1,0.05678538,0.1853809,-31.62333,0.3210445,0,0,0,-1,0.3669724,-2.349888E-06,-31.69196,0.2419018,0,0,0,-1,0.8041156,0.2442794,-31.796,0.2064375,0,0,0,-1,1.000004,0.6146332,-31.90425,0.2396567,0,0,0,-1,0.8165135,1.000005],
"IBO":[
0,1,2,3,0,2,5,6,4,6,7,3,8,1,0,7,8,0,4,3,2,0,3,7,6,3,4]
}