{"VBO":[
-39.4164,1.931629,0,0,0,-1,0.4716963,0.4778992,-39.55665,1.922396,0,0,0,-1,0.4975536,0.811814,-39.45522,2.002405,0,0,0,-1,0.2735363,0.5703301,-39.57053,2.075947,0,0,0,-1,0.0676289,0.8448568,-39.22158,1.81813,0,0,0,-1,0.7894819,0.01405797,-39.25288,1.77954,0,0,0,-1,0.8975314,0.0885687,-39.64599,2.081723,0,0,0,-1,0.05145004,1.024508],
"IBO":[
0,1,2,2,1,3,4,5,0,1,6,3,5,1,0]
}