{"VBO":[
-39.68254,2.216814,0,0,0,-1,0.3185403,0.08685102,-39.78651,2.164342,0,0,0,-1,0.9773657,0.9904116,-39.77548,2.242185,0,0,0,-1,0,0.8945493,-39.67255,2.165941,0,0,0,-1,0.9572987,0],
"IBO":[
0,3,1,0,1,2]
}