{"VBO":[
-39.08636,2.0911,0,0,0,-1,0.2153857,0.7968648,-38.96301,2.075781,0,0,0,-1,0.2531394,0.5402293,-39.08111,1.980595,0,0,0,-1,0.487735,0.785923,-39.05559,2.17849,0,0,0,-1,5.888803E-07,0.7328437,-38.9348,2.152886,0,0,0,-1,0.06310421,0.4815348,-38.70335,1.896115,0,0,0,-1,0.6959463,2.707387E-07,-38.7908,2.009099,0,0,0,-1,0.4174823,0.1819477,-38.7497,2.021981,0,0,0,-1,0.3857351,0.09642852,-39.18139,2.034498,0,0,0,-1,0.3548855,0.9945676,-39.18401,2.088456,0,0,0,-1,0.2218968,1,-38.8524,1.919116,0,0,0,-1,0.6392612,0.3100979,-38.72895,1.77275,0,0,0,-1,0.9999982,0.05326166,-38.87032,1.844586,0,0,0,-1,0.822947,0.3473963,-38.71091,1.859634,0,0,0,-1,0.7858606,0.01574545,-38.91154,1.973042,0,0,0,-1,0.5063503,0.4331574,-38.95516,1.903618,0,0,0,-1,0.6774559,0.5239025],
"IBO":[
0,1,2,1,0,3,5,6,7,8,0,2,8,9,0,10,6,5,11,12,13,12,10,13,2,1,14,10,12,15,1,3,4,10,5,13,2,14,15,10,15,14]
}