{"VBO":[
-39.9868,2.359089,0,0,0,-1,0.1624741,0.4340445,-40.1561,2.305706,0,0,0,-1,0.2846653,0.8896173,-40.15345,2.421778,0,0,0,-1,0.01898589,0.8824867,-39.82623,2.183783,0,0,0,-1,0.5637462,0.001940597,-39.99486,2.181559,0,0,0,-1,0.568832,0.455725,-40.19712,2.382144,0,0,0,-1,0.1097027,1.000002,-39.85987,1.98395,0,0,0,-1,1.021151,0.09246888,-40.02236,2.430072,0,0,0,-1,0,0.5297316],
"IBO":[
2,7,0,0,3,4,5,2,1,6,4,3,0,4,1,2,0,1]
}