{"VBO":[
-42.22022,4.969709,0,0,0,-1,0.4155185,0.8021224,-42.10613,5.12524,0,0,0,-1,6.640097E-07,0.384324,-42.07747,4.973,0,0,0,-1,0.4067304,0.2793717,-42.27425,5.106077,0,0,0,-1,0.05119666,0.9999936,-42.07095,4.750932,0,0,0,-1,1.000006,0.2554989,-42.13449,4.880952,0,0,0,-1,0.6526479,0.4882085,-42.01397,4.900077,0,0,0,-1,0.601549,0.04680844,-42.00118,4.779539,0,0,0,-1,0.9235774,4.04817E-06],
"IBO":[
0,3,1,6,7,4,0,2,5,5,2,6,0,1,2,6,4,5]
}