{"VBO":[
-41.69983,4.256936,0,0,0,-1,0.1126308,0.5237692,-41.70602,4.050729,0,0,0,-1,0.4461432,0.5338719,-41.81648,4.238248,0,0,0,-1,0.1428571,0.7142857,-41.81648,4.105757,0,0,0,-1,0.3571429,0.7142857,-41.95675,4.20916,0,0,0,-1,0.1899014,0.9433821,-41.55382,4.142848,0,0,0,-1,0.297154,0.2853033,-41.55407,3.97327,0,0,0,-1,0.5714286,0.2857143,-41.76623,3.97138,0,0,0,-1,0.574486,0.6322185,-41.47445,3.964973,0,0,0,-1,0.5848465,0.1556765,-41.44895,3.982948,0,0,0,-1,0.5557771,0.1140176,-41.80283,4.292813,0,0,0,-1,0.0546052,0.6919801,-41.74981,4.274345,0,0,0,-1,0.08447263,0.6053984,-41.89974,4.326572,0,0,0,-1,0,0.8502731,-41.88976,3.714323,0,0,0,-1,0.9902458,0.8339617,-41.99141,3.907758,0,0,0,-1,0.6773871,0.9999998,-41.59168,3.854157,0,0,0,-1,0.7640782,0.347132,-41.37914,3.876504,0,0,0,-1,0.7279349,8.225949E-08,-41.39172,3.736916,0,0,0,-1,0.9537042,0.02054972,-41.48369,3.70829,0,0,0,-1,1.000002,0.1707662,-41.72166,3.758867,0,0,0,-1,0.9182017,0.5594161],
"IBO":[
1,3,0,2,3,4,1,5,6,3,7,4,1,0,5,8,6,9,6,5,9,10,11,2,2,11,0,4,12,2,4,13,14,1,7,3,6,15,1,8,9,16,17,8,16,8,17,15,19,13,7,7,13,4,8,15,6,12,10,2,3,2,0,17,18,15]
}