{"VBO":[
-41.79538,5.578497,0,0,0,-1,0.6352829,0.02210584,-41.93751,5.547266,0,0,0,-1,1.000002,0.8515152,-41.96296,5.6329,0,0,0,-1,-5.219012E-06,1.000018],
"IBO":[
0,1,2]
}