{"VBO":[
-44.56885,4.381925,0,0,0,-1,1.000002,0.5369366,-44.69352,4.580268,0,0,0,-1,0.5,0.75,-44.30322,4.778608,0,0,0,-1,-1.332856E-06,0.0829666,-44.71415,4.705767,0,0,0,-1,0.1836251,0.785255,-44.54013,4.768756,0,0,0,-1,0.02483452,0.4878595,-44.6871,4.398726,0,0,0,-1,0.9576471,0.7390147,-44.77697,4.664619,0,0,0,-1,0.2873565,0.8926297,-44.8398,4.623472,0,0,0,-1,0.3910843,1.000001,-44.33322,4.490898,0,0,0,-1,0.7252941,0.1342328,-44.77194,4.410779,0,0,0,-1,0.9272607,0.8840312,-44.25468,4.527219,0,0,0,-1,0.6337255,0],
"IBO":[
2,8,1,1,3,4,5,1,0,3,1,6,6,1,7,5,9,1,1,4,2,2,10,8,9,7,1,8,0,1]
}