{"VBO":[
3.180429,-16.46503,0,0,0,-1,0.5249787,-0.04802811,3.052868,-16.51385,0,0,0,-1,0.8750528,0.8952063,3.069103,-16.39386,0,0,0,-1,0.01460251,0.7751693],
"IBO":[
0,1,2]
}