{"VBO":[
45.0857,-6.184636,0,0,0,-1,0.75,0.75,45.10491,-6.135472,0,0,0,-1,0.375,0.5625,45.1503,-6.209156,0,0,0,-1,0.9370301,0.1194838,45.08056,-6.086308,0,0,0,-1,-4.718333E-07,0.8002099,45.14065,-6.094456,0,0,0,-1,0.06214478,0.213641,45.06009,-6.106808,0,0,0,-1,0.1563622,1,45.06098,-6.147773,0,0,0,-1,0.4688351,0.9913614,45.16254,-6.144965,0,0,0,-1,0.4474072,-1.154832E-12,45.06151,-6.172354,0,0,0,-1,0.6563201,0.9861783,45.06974,-6.217412,0,0,0,-1,0.9999987,0.9058625],
"IBO":[
0,1,2,3,4,1,5,1,6,3,1,5,2,1,7,8,6,0,8,0,9,6,1,0,2,9,0,1,4,7]
}