{"VBO":[
43.82796,-5.597355,0,0,0,-1,0.7706209,0.6954362,43.69461,-5.442015,0,0,0,-1,0.4079577,1.000002,43.89439,-5.333998,0,0,0,-1,0.155774,0.5437402,44.12279,-5.333827,0,0,0,-1,0.1553754,0.02213291,44.03708,-5.267275,0,0,0,-1,1.816525E-06,0.2178606,44.0564,-5.638419,0,0,0,-1,0.8664895,0.1737431,44.1102,-5.467074,0,0,0,-1,0.4664583,0.0508762,44.13248,-5.559055,0,0,0,-1,0.6812005,1.127566E-06,43.94542,-5.695608,0,0,0,-1,1.000001,0.4272061],
"IBO":[
0,1,2,3,2,4,5,0,6,6,7,5,8,0,5,3,6,2,6,0,2]
}