{"VBO":[
4.609838,-17.11061,0,0,0,-1,1.000001,0.3329408,4.527333,-17.07578,0,0,0,-1,0.9192498,0.5877247,4.517864,-16.96029,0,0,0,-1,0.6515091,0.6169677,4.625582,-16.87353,0,0,0,-1,0.45037,0.2843278,4.587342,-16.73312,0,0,0,-1,0.1248656,0.4024133,4.393823,-16.72376,0,0,0,-1,0.1031515,1.000002,4.498478,-16.67926,0,0,0,-1,-2.772144E-06,0.6768346,4.717656,-17.0566,0,0,0,-1,0.8747825,1.043326E-06],
"IBO":[
0,1,2,3,7,2,4,3,2,6,4,5,7,0,2,4,2,5]
}