{"VBO":[
4.697381,-15.58459,0,0,0,-1,-1.000225E-06,0.1832362,4.761717,-15.71046,0,0,0,-1,0.2765809,0.04011006,4.743802,-15.80297,0,0,0,-1,0.4798763,0.07996754,4.610139,-15.74397,0,0,0,-1,0.3502324,0.3773234,4.653867,-15.80304,0,0,0,-1,0.4800283,0.2800385,4.589643,-15.82365,0,0,0,-1,0.5253097,0.4229183,4.635776,-15.66944,0,0,0,-1,0.186445,0.3202893,4.52794,-15.78001,0,0,0,-1,0.4294206,0.5601832,4.49972,-15.84428,0,0,0,-1,0.5706414,0.6229652,4.543486,-15.95216,0,0,0,-1,0.8077192,0.5256045,4.57685,-15.89818,0,0,0,-1,0.6890864,0.4513755,4.328945,-15.98089,0,0,0,-1,0.8708436,1.002877,4.363686,-16.03966,0,0,0,-1,0.999999,0.9255918,4.753927,-15.60511,0,0,0,-1,0.0450789,0.0574421,4.779744,-15.76697,0,0,0,-1,0.4007632,2.354972E-06],
"IBO":[
2,4,1,3,4,5,3,6,0,7,5,8,9,8,10,11,8,9,9,12,11,0,13,1,1,14,2,3,0,4,5,7,3,5,10,8,4,0,1]
}