{"VBO":[
7.392026,-7.968602,0,0,0,-1,0.6157852,1,7.4693,-7.852499,0,0,0,-1,0,0.5156433,7.530463,-8.000653,0,0,0,-1,0.785782,0.132258],
"IBO":[
0,1,2]
}