{"VBO":[
6.928822,-7.782251,0,0,0,-1,0.9513066,0.2608949,6.826306,-7.756979,0,0,0,-1,0.727756,1,6.934469,-7.673776,0,0,0,-1,-0.008207751,0.2201846],
"IBO":[
0,1,2]
}