{"VBO":[
19.09698,16.6883,0,0,0,-1,0.2,0,19.06625,16.62366,0,0,0,-1,0.9474701,0.1579324,18.93598,16.70686,0,0,0,-1,-0.01471837,0.8275328,18.91006,16.63758,0,0,0,-1,0.7864837,0.9607284],
"IBO":[
0,1,2,2,1,3]
}