{"VBO":[
9.261846,-4.636131,0,0,0,-1,-3.150855E-07,1.489602E-05,9.20878,-4.790109,0,0,0,-1,0.9476359,0.2932701,9.120319,-4.644568,0,0,0,-1,0.05191232,0.7821153,9.080895,-4.798617,0,0,0,-1,1,1],
"IBO":[
1,3,2,1,2,0]
}