{"VBO":[
7.107106,-7.883279,0,0,0,-1,0.625,0.625,7.19632,-7.751556,0,0,0,-1,1.168066E-07,0.3658383,7.219591,-7.941686,0,0,0,-1,0.902122,0.2982342,7.322255,-7.787432,0,0,0,-1,0.1702258,8.548569E-06,7.024209,-7.818496,0,0,0,-1,0.3176182,0.8658028,7.124532,-7.962315,0,0,0,-1,0.9999977,0.5743698,6.978013,-7.890479,0,0,0,-1,0.6591617,0.9999967,7.312028,-7.84911,0,0,0,-1,0.4628708,0.02971978],
"IBO":[
1,3,2,1,0,4,5,0,2,0,6,4,6,0,5,7,2,3,1,2,0]
}