{"VBO":[
-41.81464,-23.59046,0,0,0,1,0,0,-41.81464,25.04754,0,0,0,1,0,1,54.18854,-23.59046,0,0,0,1,1,0,54.18854,25.04754,0,0,0,1,1,1],
"IBO":[
3,1,0,3,0,2]
}